code,family,name_th,agency,basin,lat,lon,wl,gate,full_chart,brief_chart
BBD01,EGAT,แม่น้ำปิงที่ อ.สามเงา (P.12C),กฟผ.,ลุ่มน้ำปิง,17.238336,99.026296,1,0,0,0
BBD02,EGAT,แม่น้ำปิงที่ อ.บ้านตาก,กฟผ.,ลุ่มน้ำปิง,17.049092,99.066017,1,0,0,0
BBD03,EGAT,ห้วยตากที่ อ.บ้านตาก,กฟผ.,ลุ่มน้ำปิง,17.041879,99.058188,1,0,0,0
BBD04,EGAT,แม่น้ำปิงที่ อ.เมืองตาก (P.2A),กฟผ.,ลุ่มน้ำปิง,16.856702,99.125294,1,0,0,0
BBD05,EGAT,ห้วยแม่ท้อที่ อ.เมืองตาก,กฟผ.,ลุ่มน้ำปิง,16.840886,99.068334,1,0,0,0
BBD08,EGAT,แม่น้ำปิงที่ อ.คลองขลุง (P.15),กฟผ.,ลุ่มน้ำปิง,16.21715,99.720608,1,0,0,0
BBD09,EGAT,แม่น้ำวังที่ อ.เถิน (W.3A),กฟผ.,ลุ่มน้ำวัง,17.641503,99.232057,1,0,0,0
BBD10,EGAT,แม่น้ำวังที่ อ.สามเงา (W.4A),กฟผ.,ลุ่มน้ำวัง,17.204904,99.098093,1,0,0,0
MKVKD01,EGAT,อ.ทองผาภูมิ,กฟผ.,ลุ่มน้ำแม่กลอง,14.73758,98.63576,1,0,0,0
MKVKD02,EGAT,บ้านหินดาด,กฟผ.,ลุ่มน้ำแม่กลอง,14.59539,98.72946,1,0,0,0
MKVKD03,EGAT,บ้านลิ่นถิ่น (K.54),กฟผ.,ลุ่มน้ำแม่กลอง,14.53566,98.78764,1,0,0,0
MKVKD04,EGAT,บ้านปากแซง (K.58),กฟผ.,ลุ่มน้ำแม่กลอง,14.215,99.058,1,0,0,0
MKVKD05,EGAT,บ้านลุ่มสุ่ม (K.10),กฟผ.,ลุ่มน้ำแม่กลอง,14.09336,99.17583,1,0,0,0
MKVKD06,EGAT,บ้านวังเย็น (K.37),กฟผ.,ลุ่มน้ำแม่กลอง,13.9382,99.41518,1,0,0,0
MKVKD07,EGAT,บ้านแม่น้ำน้อย,กฟผ.,ลุ่มน้ำแม่กลอง,14.44497,98.80493,1,0,0,0
MKVKD08,EGAT,สะพานมิตรภาพชุมพล,กฟผ.,ลุ่มน้ำแม่กลอง,13.56012,99.36201,1,0,0,0
MKVKD09,EGAT,วัดหินแท่น (K.62),กฟผ.,ลุ่มน้ำแม่กลอง,13.78093,99.42085,1,0,0,0
RAJ001,EGAT,โพธาราม,สสน.,ลุ่มน้ำแม่กลอง,13.63308,99.8164,1,1,0,0
RAJ002,EGAT,บ้านโป่ง,สสน.,ลุ่มน้ำแม่กลอง,13.81866,99.86508,1,1,0,0
RAJ003,EGAT,สวนผึ้ง,สสน.,ลุ่มน้ำแม่กลอง,13.56008,99.36224,1,1,0,0
SKD02,EGAT,บ้านผาจุก,กฟผ.,ลุ่มน้ำน่าน,17.668222,100.21413,1,0,0,0
SKD04,EGAT,บ้านหาดสองแคว (N.60),กฟผ.,ลุ่มน้ำน่าน,17.418528,100.130819,1,0,0,0
SKD06,EGAT,อ.น้ำปาด (N.33),กฟผ.,ลุ่มน้ำน่าน,17.718473,100.577058,1,0,0,0
SKD09,EGAT,อ.วัดโบสถ์ (N.22A),กฟผ.,ลุ่มน้ำน่าน,16.998826,100.325921,1,0,0,0
SKD10,EGAT,บ้านแสนตอ,กฟผ.,ลุ่มน้ำน่าน,17.66514,100.29809,1,0,0,0
BKC001,HII,สวนศรีนครเขื่อนขันธ์,สสน.,ลุ่มน้ำเจ้าพระยา,13.695561,100.563126,0,1,0,0
BKC002,HII,ปตร.วัดบางกระเจ้านอก,สสน.,ลุ่มน้ำเจ้าพระยา,13.689612,100.554886,1,1,0,0
BKC003,HII,ปตร. คลองลัดบางยอ 1,สสน.,ลุ่มน้ำเจ้าพระยา,13.676162,100.553085,1,1,0,0
BKC004,HII,ปตร. คลองลัดบางยอ 2,สสน.,ลุ่มน้ำเจ้าพระยา,13.661021,100.56727,1,1,0,0
BKC005,HII,ปตร. คลองตาสด,สสน.,ลุ่มน้ำเจ้าพระยา,13.664821,100.571236,0,1,0,0
BKC006,HII,ปตร. คลองบางน้ำผึ้ง,สสน.,ลุ่มน้ำเจ้าพระยา,13.676648,100.58207,0,1,0,0
BKC007,HII,ปตร. คลองแพ,สสน.,ลุ่มน้ำเจ้าพระยา,13.694974,100.58231,0,1,0,0
BKC008,HII,ตลาดน้ำบางน้ำผึ้ง,สสน.,ลุ่มน้ำเจ้าพระยา,13.678656,100.57356,0,1,0,0
BPK001,HII,บางปะกง,สสน.,ลุ่มน้ำบางปะกง,13.54901,101.00111,1,1,1,1
BPK002,HII,เมืองฉะเชิงเทรา,สสน.,ลุ่มน้ำบางปะกง,13.659069,101.06332,0,1,1,0
BPK003,HII,บางน้ำเปรี้ยว,สสน.,ลุ่มน้ำบางปะกง,13.87032,101.14574,1,1,1,1
BPK004,HII,พนมสารคาม,สสน.,ลุ่มน้ำบางปะกง,13.72662,101.35298,1,1,0,0
CHM001,HII,สันทราย,สสน.,ลุ่มน้ำปิง,19.00979,98.95975,1,1,1,1
CHM002,HII,ฮอด,สสน.,ลุ่มน้ำปิง,18.17859,98.63017,1,1,1,1
CHM003,HII,แม่อาย,สสน.,ลุ่มน้ำโขงเหนือ,20.06092,99.36204,1,0,0,0
CHM004,HII,เชียงดาว,สสน.,ลุ่มน้ำปิง,19.36728,98.96884,1,1,1,0
CHM005,HII,แม่แตง,สสน.,ลุ่มน้ำปิง,19.12207,98.94447,1,1,1,0
CHM006,HII,จอมทอง,สสน.,ลุ่มน้ำปิง,18.423248,98.69815,0,1,1,0
CHM007,HII,ฝาง,สสน.,ลุ่มน้ำโขงเหนือ,19.85606,99.19549,1,0,0,0
CPY001,HII,สะพานเดชาติวงศ์,สสน.,ลุ่มน้ำเจ้าพระยา,15.68849,100.12381,1,1,1,1
CPY002,HII,พยุหะคีรี,สสน.,ลุ่มน้ำเจ้าพระยา,15.42655,100.13471,1,1,1,0
CPY003,HII,ปตร.มโนรมย์,สสน.,ลุ่มน้ำเจ้าพระยา,15.3277,100.10913,1,1,1,0
CPY004,HII,สะพานธรรมจักร(วัดธรรมามูล),สสน.,ลุ่มน้ำเจ้าพระยา,15.25029,100.08347,1,1,1,0
CPY005,HII,สรรพยา,สสน.,ลุ่มน้ำเจ้าพระยา,15.10907,100.26785,1,1,1,1
CPY006,HII,อินทร์บุรี,สสน.,ลุ่มน้ำเจ้าพระยา,15.00602,100.33088,1,1,1,0
CPY007,HII,พรหมบุรี,สสน.,ลุ่มน้ำเจ้าพระยา,14.79091,100.45184,1,1,1,0
CPY008,HII,เมืองอ่างทอง,สสน.,ลุ่มน้ำเจ้าพระยา,14.5765,100.44852,1,1,1,1
CPY009,HII,คลองบางหลวง,สสน.,ลุ่มน้ำเจ้าพระยา,14.4158,100.44071,1,1,1,1
CPY010,HII,คลองบางบาล,สสน.,ลุ่มน้ำเจ้าพระยา,14.42303,100.48186,1,1,1,1
CPY011,HII,พระนครศรีอยุธยา,สสน.,ลุ่มน้ำเจ้าพระยา,14.36913,100.52861,1,1,1,0
CPY012,HII,บางปะอิน,สสน.,ลุ่มน้ำเจ้าพระยา,14.30455,100.56645,1,1,1,0
CPY013,HII,บางไทร,สสน.,ลุ่มน้ำเจ้าพระยา,14.12075,100.55089,0,1,1,1
CPY014,HII,สะพานนวลฉวี,สสน.,ลุ่มน้ำเจ้าพระยา,13.94749,100.53507,1,1,1,1
CPY015,HII,สะพานกรุงเทพ,สสน.,ลุ่มน้ำเจ้าพระยา,13.700301,100.49277,1,1,1,1
CPY016,HII,คลองพระยาบรรลือ,สสน.,ลุ่มน้ำเจ้าพระยา,14.16476,100.30725,1,1,1,1
CPY017,HII,เสนา,สสน.,ลุ่มน้ำเจ้าพระยา,14.31976,100.37952,1,1,1,1
CPYD,HII,ทต.บ้านกล้วย,สสน.,ลุ่มน้ำเจ้าพระยา,15.172911,100.14591,0,1,0,0
KWN001,HII,นครไทย,สสน.,ลุ่มน้ำน่าน,17.10701,100.84587,1,1,1,0
KWN002,HII,วัดโบสถ์,สสน.,ลุ่มน้ำน่าน,16.99888,100.326515,0,1,1,1
KWN003,HII,เขื่อนแควน้อยบำรุงแดน,สสน.,ลุ่มน้ำน่าน,17.182213,100.41388,0,1,0,0
LBI001,HII,บางปะหัน,สสน.,ลุ่มน้ำเจ้าพระยา,14.42731,100.55605,1,1,1,1
LBI002,HII,เมืองลพบุรี,สสน.,ลุ่มน้ำเจ้าพระยา,14.76049,100.5996,1,1,1,1
NAN001,HII,ท่าวังผา,สสน.,ลุ่มน้ำน่าน,19.09611,100.80258,1,1,1,0
NAN002,HII,ภูเพียง,สสน.,ลุ่มน้ำน่าน,18.85971,100.8171,1,1,1,0
NAN003,HII,เมืองน่าน,สสน.,ลุ่มน้ำน่าน,18.73796,100.75609,1,1,1,1
NAN004,HII,พิชัย,สสน.,ลุ่มน้ำน่าน,17.29433,100.08282,1,1,1,1
NAN005,HII,แม่น้ำเข็ก (ว้งทอง),สสน.,ลุ่มน้ำน่าน,16.85502,100.66681,1,1,1,0
NAN006,HII,บางกระทุ่ม,สสน.,ลุ่มน้ำน่าน,16.58046,100.23858,1,1,1,1
NAN007,HII,ตะพานหิน,สสน.,ลุ่มน้ำน่าน,16.27034,100.41396,1,1,1,1
NAN008,HII,ชุมแสง,สสน.,ลุ่มน้ำน่าน,15.86923,100.26481,1,1,1,1
NAN009,HII,เวียงสา,สสน.,ลุ่มน้ำน่าน,18.54992,100.76151,1,1,0,0
NAN010,HII,น้ำปาด,สสน.,ลุ่มน้ำน่าน,17.79087,100.74902,1,1,1,0
NAN011,HII,เมืองอุตรดิตถ์,สสน.,ลุ่มน้ำน่าน,17.61011,100.09943,1,1,1,1
NAN012,HII,เมืองพิษณุโลก,สสน.,ลุ่มน้ำน่าน,16.86469,100.24476,1,1,1,1
NAN013,HII,วังทอง,สสน.,ลุ่มน้ำน่าน,16.8222,100.43159,1,1,1,0
NAN014,HII,ตรอน,สสน.,ลุ่มน้ำน่าน,17.41834,100.13075,1,1,1,1
NAN015,HII,แม่น้ำสา,สสน.,ลุ่มน้ำน่าน,18.571873,100.74266,1,0,0,0
NAN016,HII,น้ำสา,สสน.,ลุ่มน้ำน่าน,18.584002,100.600266,1,0,0,0
NANG,HII,อบต.คลองหิน,สสน.,ลุ่มน้ำภาคใต้ฝั่งตะวันตก,8.2842,98.7971,0,1,0,0
NANI,HII,อบต.นาน้อย,สสน.,ลุ่มน้ำน่าน,18.32814,100.70872,0,1,0,0
NANT,HII,อบจ.น่าน,สสน.,ลุ่มน้ำน่าน,18.79898,100.73317,0,1,0,0
NYK000,HII,องครักษ์,สสน.,ลุ่มน้ำบางปะกง,14.113633,101.01952,1,1,1,0
NYK001,HII,สะพานวังแก่ง,สสน.,ลุ่มน้ำบางปะกง,14.364806,101.09028,0,1,0,0
NYK008,HII,สะพานเขานางบวช,สสน.,ลุ่มน้ำบางปะกง,14.245718,101.27481,1,1,0,0
NYK014,HII,สะพานโยธกา,สสน.,ลุ่มน้ำบางปะกง,13.974951,101.14307,0,1,1,0
PAS001,HII,หล่มสัก,สสน.,ลุ่มน้ำป่าสัก,16.78151,101.2467,1,1,1,0
PAS002,HII,เมืองเพชรบูรณ์,สสน.,ลุ่มน้ำป่าสัก,16.44786,101.17017,1,1,1,0
PAS003,HII,หนองไผ่,สสน.,ลุ่มน้ำป่าสัก,16.11497,101.09709,1,1,1,0
PAS004,HII,,,,,,0,0,1,0
PAS005,HII,ชัยบาดาล,สสน.,ลุ่มน้ำป่าสัก,15.263769,101.19251,0,1,0,0
PAS006,HII,วังม่วง,สสน.,ลุ่มน้ำป่าสัก,14.740909,101.05967,0,1,0,0
PAS008,HII,ท่าเรือ,สสน.,ลุ่มน้ำป่าสัก,14.56014,100.71987,1,1,1,0
PAS009,HII,นครหลวง,สสน.,ลุ่มน้ำป่าสัก,14.40269,100.5864,1,1,1,0
PAS010,HII,สะพานเตาปูน-ตาลเดี่ยว,สสน.,ลุ่มน้ำป่าสัก,14.58016,100.96616,0,1,1,0
PASG,HII,ทต.ป่าซาง,สสน.,ลุ่มน้ำปิง,18.51816,98.93948,0,1,0,0
PIN001,HII,บ้านตาก,สสน.,ลุ่มน้ำปิง,17.04066,99.06628,1,1,1,1
PIN002,HII,เมืองตาก,สสน.,ลุ่มน้ำปิง,16.78657,99.18398,1,1,1,1
PIN003,HII,สะพานลานดอกไม้,สสน.,ลุ่มน้ำปิง,16.6282,99.43257,1,1,1,1
PIN004,HII,ขาณุวรลักษบุรี,สสน.,ลุ่มน้ำปิง,16.06475,99.8603,1,1,1,1
PIN005,HII,เก้าเลี้ยว,สสน.,ลุ่มน้ำปิง,15.85051,100.05206,1,1,1,1
PIN006,HII,เมืองกำแพงเพชร (P7A),สสน.,ลุ่มน้ำปิง,16.47816,99.51866,1,1,0,1
PIN007,HII,สะพานแม่น้ำทา,สสน.,ลุ่มน้ำปิง,18.546852,99.25007,1,0,0,0
PIN008,HII,แม่น้ำทา,สสน.,ลุ่มน้ำปิง,18.471687,98.95513,1,0,0,0
PIN009,HII,แม่น้ำลี้ บ้านโฮ่ง,สสน.,ลุ่มน้ำปิง,18.310793,98.82355,1,0,0,0
PIN010,HII,ห้วยแม่ลี้,สสน.,ลุ่มน้ำปิง,17.805399,98.953316,1,0,0,0
PIN011,HII,น้ำก้อ,สสน.,ลุ่มน้ำปิง,17.636518,98.77956,1,0,0,0
SKG001,HII,สว่างอารมณ์,สสน.,ลุ่มน้ำสะแกกรัง,15.585638,99.866104,0,1,1,0
SKG002,HII,เมืองอุทัยธานี,สสน.,ลุ่มน้ำสะแกกรัง,15.35869,100.05164,0,1,1,1
SKG003,HII,สะพานต้นน้ำ (เกาะแก้ว-ตลิ่งสูง),สสน.,ลุ่มน้ำสะแกกรัง,15.91465,99.4194,1,1,0,0
SKG004,HII,สะพานแม่เล่ย์,สสน.,ลุ่มน้ำสะแกกรัง,15.84175,99.41808,1,1,0,0
SKG005,HII,สะพานแม่วงก์,สสน.,ลุ่มน้ำสะแกกรัง,15.90176,99.4704,1,1,0,0
SKG006,HII,ศาลเจ้าไก่ต่อ (TSK.2),สสน.,ลุ่มน้ำสะแกกรัง,15.785857,99.67847,0,1,0,0
SKG007,HII,คลองกลาง,สสน.,ลุ่มน้ำสะแกกรัง,15.7832,99.65321,1,1,0,0
SKG008,HII,หน่วยพิทักษ์ อช.แม่วงก์ที่ 4 (แม่เรวา),สสน.,ลุ่มน้ำสะแกกรัง,15.9125,99.32747,0,1,0,0
TCP001,HII,ปตร.ปากคลองส่งน้ำสาย 4 (ทุ่งเจ้าเจ็ด),สสน.,ลุ่มน้ำเจ้าพระยา,14.315779,100.38976,0,1,0,0
TCP002,HII,ปตร.ปลายคลองบางซอ (ทุ่งเจ้าเจ็ด),สสน.,ลุ่มน้ำท่าจีน,14.194874,100.13267,1,1,0,0
TCP003,HII,ปตร.ลาดชะโด (ทุ่งผักไห่),สสน.,ลุ่มน้ำเจ้าพระยา,14.464386,100.366005,1,1,0,0
TCP004,HII,ปตร.ลาดชิด (ทุ่งผักไห่),สสน.,ลุ่มน้ำเจ้าพระยา,14.44056,100.35738,1,1,0,0
TCP005,HII,ปตร.บางแก้ว (ทุ่งผักไห่),สสน.,ลุ่มน้ำเจ้าพระยา,14.436604,100.37149,1,1,0,0
TCP006,HII,ปตร กุฎิ (ทุ่งป่าโมก),สสน.,ลุ่มน้ำเจ้าพระยา,14.412405,100.40116,1,1,0,0
TCP007,HII,ทุ่งโพธิ์พระยา,สสน.,ลุ่มน้ำท่าจีน,14.320748,100.017395,1,1,0,0
TCP008,HII,สถานีสูบน้ำปากคลองสายห้วยแก้ว (ทุ่งซ้ายคลองชัยนาท),สสน.,ลุ่มน้ำเจ้าพระยา,15.082755,100.554504,1,1,0,0
TCP009,HII,สถานีสูบน้ำปากคลองสระตาแวว (ทุ่งซ้ายคลองชัยนาท),สสน.,ลุ่มน้ำเจ้าพระยา,14.940779,100.59284,1,1,0,0
TCP010,HII,ทรบ. ปากคลองห้าวา (ทุ่งท่าวุ้ง),สสน.,ลุ่มน้ำเจ้าพระยา,14.818599,100.576515,1,1,0,0
TCP011,HII,สถานีสูบน้ำคลองระบายชัยนาท-ป่าสัก 2 (ทุ่งเชียงราก),สสน.,ลุ่มน้ำเจ้าพระยา,15.05502,100.32081,1,1,0,0
TCP012,HII,เสนา (ทุ่งบางบาล-บ้านแพน),สสน.,ลุ่มน้ำเจ้าพระยา,14.327773,100.405464,1,1,0,0
TCP013,HII,สะพานข้ามแม่น้ำน้อย (ทุ่งผักไห่),สสน.,ลุ่มน้ำเจ้าพระยา,14.498449,100.36825,0,1,0,0
THA001,HII,สะพานคง-ศุข ศรีสวัสดิ์,สสน.,ลุ่มน้ำเจ้าพระยา,15.225,100.07824,1,1,1,0
THA002,HII,สรรคบุรี (แม่น้ำน้อย),สสน.,ลุ่มน้ำเจ้าพระยา,15.064083,100.16288,0,1,1,0
THA003,HII,ด่านช้าง,สสน.,ลุ่มน้ำท่าจีน,14.83506,99.66543,1,1,1,0
THA004,HII,สามชุก,สสน.,ลุ่มน้ำท่าจีน,14.75138,100.09592,1,1,1,0
THA005,HII,เมืองสุพรรณบุรี,สสน.,ลุ่มน้ำท่าจีน,14.4705,100.11475,1,1,1,0
THA006,HII,วัดท่าเจดีย์ (TTC06),สสน.,ลุ่มน้ำท่าจีน,14.15657,100.12744,1,1,1,1
THA007,HII,บางเลน,สสน.,ลุ่มน้ำท่าจีน,14.01636,100.17979,1,1,1,1
THA008,HII,สะพานนครชัยศรี,สสน.,ลุ่มน้ำท่าจีน,13.79217,100.19817,1,1,1,1
THA009,HII,เมืองสมุทรสาคร,สสน.,ลุ่มน้ำท่าจีน,13.58598,100.23048,1,1,1,1
THA010,HII,สองพี่น้อง,สสน.,ลุ่มน้ำท่าจีน,14.21608,100.05017,1,1,1,0
THA011,HII,บางปลา,สสน.,ลุ่มน้ำท่าจีน,13.97039,100.15745,0,1,1,0
WAN001,HII,สามเงา,สสน.,ลุ่มน้ำวัง,17.26053,99.07797,1,1,1,1
WAN002,HII,แม่พริก,สสน.,ลุ่มน้ำวัง,17.44521,99.12897,1,1,1,1
WAN003,HII,เถิน,สสน.,ลุ่มน้ำวัง,17.75171,99.23061,1,1,1,1
WAN004,HII,เกาะคา,สสน.,ลุ่มน้ำวัง,18.15915,99.38407,1,1,1,1
WAN005,HII,เมืองลำปาง,สสน.,ลุ่มน้ำวัง,18.34301,99.537125,0,1,1,1
YOM001,HII,ปง,สสน.,ลุ่มน้ำยม,19.148237,100.277504,0,1,1,0
YOM002,HII,เชียงม่วน,สสน.,ลุ่มน้ำยม,18.946238,100.25891,0,1,1,0
YOM003,HII,หนองม่วงไข่,สสน.,ลุ่มน้ำยม,18.26591,100.17706,1,1,1,0
YOM004,HII,เด่นชัย,สสน.,ลุ่มน้ำยม,18.0208,100.0588,1,1,1,0
YOM005,HII,ศรีสัชนาลัย,สสน.,ลุ่มน้ำยม,17.51715,99.75877,1,1,1,1
YOM006,HII,สวรรคโลก,สสน.,ลุ่มน้ำยม,17.2019,99.86388,1,1,1,1
YOM007,HII,กงไกรลาศ,สสน.,ลุ่มน้ำยม,16.92732,99.95933,1,1,1,1
YOM008,HII,บางระกำ,สสน.,ลุ่มน้ำยม,16.70818,100.17179,1,1,1,1
YOM009,HII,โพธิ์ประทับช้าง,สสน.,ลุ่มน้ำยม,16.31077,100.27173,1,1,1,1
YOM010,HII,เมืองแพร่,สสน.,ลุ่มน้ำยม,18.13367,100.12458,1,1,1,1
YOM011,HII,งาว,สสน.,ลุ่มน้ำยม,18.760788,99.9726,0,1,1,0
YOM012,HII,เมืองสุโขทัย,สสน.,ลุ่มน้ำยม,17.02127,99.81973,1,1,1,1
YOM013,HII,ศาลเจ้าพ่อพญาอ้น,สสน.,ลุ่มน้ำยม,18.599714,100.1496,1,0,0,0
YOM014,HII,สะพานหนองจันทร์,สสน.,ลุ่มน้ำยม,18.46601,100.151665,1,0,0,0
YOM015,HII,แม่ต้า,สสน.,ลุ่มน้ำยม,18.243488,99.97737,1,0,0,0
YOM017,HII,น้ำแม่งาว,สสน.,ลุ่มน้ำยม,18.6275,100.04149,1,0,0,0
C.12,RID,กรมชลประทานสามเสน,ชป.,ลุ่มน้ำเจ้าพระยา,13.78815,100.509148,1,0,1,0
C.13,RID,ท้ายเขื่อนเจ้าพระยา,ชป.,ลุ่มน้ำเจ้าพระยา,15.16384,100.18792,1,0,1,1
C.2,RID,ค่ายจิรประวัติ,ชป.,ลุ่มน้ำเจ้าพระยา,15.67059,100.10936,1,0,1,1
C.3,RID,บ้านบางพุทรา,ชป.,ลุ่มน้ำเจ้าพระยา,14.89868,100.401863,1,0,1,0
C.35,RID,บ้านป้อม,ชป.,ลุ่มน้ำเจ้าพระยา,14.3691,100.528732,1,0,1,0
C.36,RID,บ้านบางหลวงโดด,ชป.,ลุ่มน้ำเจ้าพระยา,14.41588,100.440804,1,0,1,0
C.37,RID,บ้านบางบาล,ชป.,ลุ่มน้ำเจ้าพระยา,14.36319,100.484833,1,0,1,0
C.67,RID,สะพานหัวเวียง,ชป.,ลุ่มน้ำเจ้าพระยา,14.36851,100.414391,1,0,0,0
C.7A,RID,บ้านบางแก้ว,ชป.,ลุ่มน้ำเจ้าพระยา,14.59044,100.453293,1,0,1,0
C22,RID,,,,,,0,0,1,0
C29A,RID,,,,,,0,0,1,0
C39,RID,,,,,,0,0,1,0
C4,RID,,,,,,0,0,1,0
C54,RID,,,,,,0,0,1,0
K.10,RID,บ้านลุ่มสุ่ม,ชป.,ลุ่มน้ำแม่กลอง,14.09243,99.178993,1,0,0,0
K.11A,RID,บ้านวังขนาย,ชป.,ลุ่มน้ำแม่กลอง,13.95094,99.645477,1,0,0,0
K.12,RID,บ้านทุ่งนานางหรอก,ชป.,ลุ่มน้ำแม่กลอง,14.17522,99.434067,1,0,0,0
K.31,RID,ตลิ่ง ณ สถานี K.31 บ้านน้ำโจน,ชป.,ลุ่มน้ำแม่กลอง,14.43409,98.80909,1,0,0,0
K.32A,RID,บ้านบ้องตี้น้อย,ชป.,ลุ่มน้ำแม่กลอง,14.27618,98.931068,1,0,0,0
K.35A,RID,บ้านหนองบัว,ชป.,ลุ่มน้ำแม่กลอง,14.05861,99.445221,1,0,0,0
K.37,RID,บ้านวังเย็น,ชป.,ลุ่มน้ำแม่กลอง,13.93906,99.416252,1,0,0,0
K.3A,RID,สะพานข้ามแม่น้ำแม่กลองหน้าศาลากลางจ.กาญจนบุรี,ชป.,ลุ่มน้ำแม่กลอง,13.99597,99.538818,1,0,0,0
K.49,RID,บ้านยางสูง,ชป.,ลุ่มน้ำแม่กลอง,14.48943,99.469788,1,0,0,0
K.55A,RID,สะพานค่ายหลวง,ชป.,ลุ่มน้ำแม่กลอง,13.80568,99.87159,1,0,0,0
K.58,RID,บ้านปากแซง,ชป.,ลุ่มน้ำแม่กลอง,14.21513,99.058197,1,0,0,0
K.62,RID,บ้านหนองไผ่,ชป.,ลุ่มน้ำแม่กลอง,13.78092,99.420921,1,0,0,0
N.1,RID,หน้าสำนักงานป่าไม้,ชป.,ลุ่มน้ำน่าน,18.774879,100.779694,1,0,1,0
N.12A,RID,บ้านหาดไผ่,ชป.,ลุ่มน้ำน่าน,17.73687,100.531586,1,0,1,0
N.22A,RID,บ้านท่างาม,ชป.,ลุ่มน้ำน่าน,16.998871,100.32663,1,0,0,0
N.24A,RID,บ้านวังนกแอ่น,ชป.,ลุ่มน้ำน่าน,16.84712,100.512093,1,0,0,0
N.27A,RID,ท้ายเขื่อนนเรศวร,ชป.,ลุ่มน้ำน่าน,17.033621,100.197968,1,0,0,0
N.2B,RID,ต.ในเมือง,ชป.,ลุ่มน้ำน่าน,17.609871,100.099609,1,0,0,0
N.36,RID,บ้านหนองกระท้าว,ชป.,ลุ่มน้ำน่าน,17.0851,100.824669,1,0,0,0
N.39,RID,บ้านฟากท่า,ชป.,ลุ่มน้ำน่าน,17.997021,100.879089,1,0,0,0
N.43A,RID,บ้านชมพู,ชป.,ลุ่มน้ำน่าน,16.69232,100.670921,1,0,0,0
N.49,RID,บ้านน้ำยาว,ชป.,ลุ่มน้ำน่าน,18.99374,100.940102,1,0,0,0
N.54,RID,บ้านวังโป่ง,ชป.,ลุ่มน้ำน่าน,16.327471,100.801727,1,0,0,0
N.55,RID,บ้านท่าสะแก,ชป.,ลุ่มน้ำน่าน,17.25317,100.628242,1,0,0,0
N.5A,RID,สะพานสุพรรณกัลยา ,ชป.,ลุ่มน้ำน่าน,16.80608,100.245827,1,0,1,0
N.60,RID,บ้านเด่นสำโรง,ชป.,ลุ่มน้ำน่าน,17.418329,100.130913,1,0,1,0
N.64,RID,บ้านผาขวาง,ชป.,ลุ่มน้ำน่าน,19.015169,100.780212,1,0,1,0
N.65,RID,บ้านปางสา,ชป.,ลุ่มน้ำน่าน,19.23041,100.754089,1,0,0,0
N.67,RID,วัดเกยไชยเหนือ,ชป.,ลุ่มน้ำน่าน,15.86918,100.264732,1,0,1,0
N.73,RID,บ้านทานตะวัน,ชป.,ลุ่มน้ำน่าน,16.56912,100.891792,1,0,0,0
N.75,RID,สะพานท่าลี่,ชป.,ลุ่มน้ำน่าน,18.548229,100.808617,1,0,0,0
N.7A,RID,บ้านราชช้างขวัญ,ชป.,ลุ่มน้ำน่าน,16.4695,100.330872,1,0,1,0
N.81,RID,บ้านแก่งบัวคำ,ชป.,ลุ่มน้ำน่าน,17.12855,100.588066,1,0,0,0
N.84,RID,ต.น้ำปาด,ชป.,ลุ่มน้ำน่าน,17.74103,100.679276,1,0,0,0
P.1,RID,สะพานนวรัฐ,ชป.,ลุ่มน้ำปิง,18.786961,99.005089,1,0,1,0
P.103,RID,สะพานวงแหวนรอบ 3,ชป.,ลุ่มน้ำปิง,18.86651,98.978188,1,0,0,0
P.12C,RID,บ้านย่านรี,ชป.,ลุ่มน้ำปิง,17.23818,99.02626,1,0,0,0
P.14A,RID,สะพานท่าข้าม,ชป.,ลุ่มน้ำปิง,18.20228,98.614441,1,0,1,0
P.15,RID,หน้าวัดศรีภิรมย์,ชป.,ลุ่มน้ำปิง,16.21414,99.722328,1,0,0,0
P.16,RID,บ้านแสนตอ,ชป.,ลุ่มน้ำปิง,16.064671,99.860191,1,0,0,0
P.17,RID,บ้านท่างิ้ว,ชป.,ลุ่มน้ำปิง,15.93539,99.976089,1,0,1,0
P.20,RID,บ้านเชียงดาว,ชป.,ลุ่มน้ำปิง,19.369551,98.969101,1,0,0,0
P.21,RID,บ้านริมใต้,ชป.,ลุ่มน้ำปิง,18.92746,98.939774,1,0,0,0
P.2A,RID,บ้านท่าแค,ชป.,ลุ่มน้ำปิง,16.855261,99.124489,1,0,1,0
P.4A,RID,บ้านแม่แตง,ชป.,ลุ่มน้ำปิง,19.122181,98.944412,1,0,0,0
P.50A,RID,คลองวังเจ้า,ชป.,ลุ่มน้ำปิง,16.63925,99.242813,1,0,0,0
P.56A,RID,บ้านสหกรณ์ร่มเกล้า,ชป.,ลุ่มน้ำปิง,19.284189,99.186943,1,0,1,0
P.64,RID,บ้านหลวง,ชป.,ลุ่มน้ำปิง,17.78546,98.372391,1,0,0,0
P.65,RID,บ้านม่วงป๊อก,ชป.,ลุ่มน้ำปิง,19.638411,98.635262,1,0,1,0
P.67,RID,บ้านแม่แต,ชป.,ลุ่มน้ำปิง,19.00985,98.95974,1,0,1,0
P.71A,RID,บ้านกลาง,ชป.,ลุ่มน้ำปิง,18.54735,98.862282,1,0,0,0
P.73,RID,บ้านสบสอย,ชป.,ลุ่มน้ำปิง,18.29126,98.64756,1,0,0,0
P.73A,RID,บ้านสบแปะ,ชป.,ลุ่มน้ำปิง,18.25341,98.641411,1,0,0,0
P.75,RID,บ้านช่อแล,ชป.,ลุ่มน้ำปิง,19.14599,99.007332,1,0,0,0
P.76,RID,บ้านแม่อีไฮ,ชป.,ลุ่มน้ำปิง,18.14139,98.896606,1,0,0,0
P.77,RID,บ้านสบแม่สะป๊วด,ชป.,ลุ่มน้ำปิง,18.43327,99.085129,1,0,0,0
P.78,RID,บ้านสามเรือน,ชป.,ลุ่มน้ำปิง,16.181589,99.598358,1,0,0,0
P.79,RID,บ้านแม่หวาน,ชป.,ลุ่มน้ำปิง,18.9643,99.237518,1,0,0,0
P.7A,RID,ต.ในเมือง,ชป.,ลุ่มน้ำปิง,16.47772,99.517921,1,0,1,0
P.80,RID,บ้านโป่งดิน,ชป.,ลุ่มน้ำปิง,18.916401,99.235817,1,0,0,0
P.81,RID,บ้านโป่ง,ชป.,ลุ่มน้ำปิง,18.69521,99.078751,1,0,1,0
P.82,RID,บ้านสบวิน,ชป.,ลุ่มน้ำปิง,18.65423,98.685661,1,0,0,0
P.84,RID,บ้านพันตน,ชป.,ลุ่มน้ำปิง,18.59133,98.796623,1,0,0,0
P.85,RID,บ้านหล่ายแก้ว,ชป.,ลุ่มน้ำปิง,18.366421,98.772102,1,0,1,0
P.86,RID,บ้านโห้ง,ชป.,ลุ่มน้ำปิง,18.739611,99.218651,1,0,0,0
P.87,RID,บ้านป่าซาง,ชป.,ลุ่มน้ำปิง,18.519119,98.942291,1,0,0,0
P.91,RID,บ้านสันปู่เลย,ชป.,ลุ่มน้ำปิง,19.133591,99.166328,1,0,0,0
P.92,RID,บ้านเมืองกึ๊ด,ชป.,ลุ่มน้ำปิง,19.220449,98.847214,1,0,0,0
P.93,RID,บ้านสลวงนอก,ชป.,ลุ่มน้ำปิง,19.015091,98.880836,1,0,0,0
S.14,RID,บ้านท่ารวก,ชป.,ลุ่มน้ำป่าสัก,15.22528,101.277458,1,0,0,0
S.26,RID,ท้ายเขื่อนพระรามหก,ชป.,ลุ่มน้ำป่าสัก,14.56012,100.71994,1,0,1,1
S.28,RID,ท้ายเขื่อนป่าสักชลสิทธิ์,ชป.,ลุ่มน้ำป่าสัก,14.83464,101.084297,1,0,0,0
S.3,RID,ต.ตาลเดี่ยว,ชป.,ลุ่มน้ำป่าสัก,16.78157,101.246689,1,0,1,0
S.32,RID,สถานีแพดับเพลิง,ชป.,ลุ่มน้ำป่าสัก,14.55752,100.924217,1,0,0,0
S.33,RID,ต.ตาดกลอย,ชป.,ลุ่มน้ำป่าสัก,17.004061,101.352898,1,0,0,0
S.42,RID,บ้านบ่อวัง,ชป.,ลุ่มน้ำป่าสัก,15.5783,101.088623,1,1,1,0
S.43,RID,บ้านพูลทรัพย์,ชป.,ลุ่มน้ำป่าสัก,15.32743,101.212402,1,0,0,0
S.4B,RID,ต.ในเมือง,ชป.,ลุ่มน้ำป่าสัก,16.42322,101.162079,1,0,1,0
S.5,RID,สะพานปรีดี-ธำรง,ชป.,ลุ่มน้ำเจ้าพระยา,14.35872,100.580452,1,0,1,0
S.7A,RID,วัดท่าระหัด,ชป.,ลุ่มน้ำป่าสัก,14.78944,101.117104,1,0,0,0
S.9,RID,บ้านป่า,ชป.,ลุ่มน้ำป่าสัก,14.62918,101.014427,1,0,0,0
W.10B,RID,บ้านแลง,ชป.,ลุ่มน้ำวัง,18.51882,99.629997,1,0,0,0
W.16A,RID,บ้านไฮ,ชป.,ลุ่มน้ำวัง,18.785219,99.630409,1,0,1,0
W.17,RID,บ้านหนองนาว,ชป.,ลุ่มน้ำวัง,18.722269,99.567268,1,1,0,0
W.1C,RID,สะพานเสตุวารี,ชป.,ลุ่มน้ำวัง,18.29973,99.51123,1,0,1,0
W.20,RID,บ้านท่าล้อ,ชป.,ลุ่มน้ำวัง,18.310881,99.45784,1,1,0,0
W.21,RID,บ้านท่าเดื่อ,ชป.,ลุ่มน้ำวัง,18.34301,99.537178,1,1,0,0
W.22,RID,บ้านวังพร้าว,ชป.,ลุ่มน้ำวัง,18.14444,99.408463,1,1,0,0
W.23,RID,บ้านแม่เชียงราย,ชป.,ลุ่มน้ำวัง,17.36661,99.113007,1,1,0,0
W.24,RID,บ้านท่าไผ่,ชป.,ลุ่มน้ำวัง,17.32165,99.077217,1,1,0,0
W.25,RID,บ้านร่องเคาะ,ชป.,ลุ่มน้ำวัง,18.990931,99.621109,1,1,0,0
W.26,RID,บ้านเมืองมาย,ชป.,ลุ่มน้ำวัง,18.596041,99.622063,1,1,0,0
W.3A,RID,บ้านดอนชัย,ชป.,ลุ่มน้ำวัง,17.641491,99.23201,1,0,0,0
W.4A,RID,บ้านวังหมัน,ชป.,ลุ่มน้ำวัง,17.20499,99.098122,1,0,1,0
W.5A,RID,บ้านเกาะคา,ชป.,ลุ่มน้ำวัง,18.19154,99.396873,1,0,0,0
Y.13A,RID,บ้านหลวงเหนือ,ชป.,ลุ่มน้ำยม,18.76083,99.972557,1,0,0,0
Y.15,RID,บ้านกง,ชป.,ลุ่มน้ำยม,16.927441,99.959427,1,0,0,0
Y.16,RID,บางระกำ,ชป.,ลุ่มน้ำยม,16.757919,100.115578,1,0,1,0
Y.17,RID,สามง่าม,ชป.,ลุ่มน้ำยม,16.507441,100.204086,1,0,1,0
Y.1C,RID,บ้านน้ำโค้ง,ชป.,ลุ่มน้ำยม,18.133909,100.124641,1,0,1,0
Y.20,RID,บ้านห้วยสัก,ชป.,ลุ่มน้ำยม,18.58613,100.151337,1,0,1,0
Y.21,RID,ห้วยแม่สิน,ชป.,ลุ่มน้ำยม,17.792339,99.787033,1,0,0,0
Y.24,RID,บ้านมาง,ชป.,ลุ่มน้ำยม,18.882099,100.291382,1,0,0,0
Y.26,RID,ห้วยแม่มอก,ชป.,ลุ่มน้ำยม,17.33189,99.461807,1,0,0,0
Y.30,RID,บ้านโป่ง,ชป.,ลุ่มน้ำยม,18.709379,99.957626,1,0,0,0
Y.31,RID,บ้านทุ่งหนอง,ชป.,ลุ่มน้ำยม,18.94628,100.258949,1,0,0,0
Y.33,RID,บ้านคลองตาล,ชป.,ลุ่มน้ำยม,17.16888,99.860977,1,0,1,0
Y.34,RID,บ้านแม่หล่าย,ชป.,ลุ่มน้ำยม,18.22003,100.20636,1,0,0,0
Y.37,RID,บ้านวังชิ้น,ชป.,ลุ่มน้ำยม,17.90118,99.605652,1,0,1,0
Y.38,RID,บ้านแม่คำมีตำหนักธรรม,ชป.,ลุ่มน้ำยม,18.26643,100.237633,1,0,0,0
Y.3A,RID,บ้านวังขอนไม้,ชป.,ลุ่มน้ำยม,17.302389,99.830307,1,0,1,0
Y.4,RID,ต.ธานี,ชป.,ลุ่มน้ำยม,17.006359,99.822113,1,0,1,0
Y.5,RID,หน้าอำเภอโพทะเล,ชป.,ลุ่มน้ำยม,16.09481,100.259903,1,0,1,0
Y.64,RID,บางระกำ,ชป.,ลุ่มน้ำยม,16.762119,100.121201,1,0,0,0
12247,canal/other,สถานีโทรมาตร วัดคลองราษฎร์เจริญ จ.กำแพงเพชร,ชป.,ลุ่มน้ำยม,16.78424,99.59707,0,1,0,0
40307,canal/other,สถานีโทรมาตร สภ.สรอย จ.แพร่,ชป.,ลุ่มน้ำยม,17.79009,99.47847,0,1,0,0
40347,canal/other,สถานีโทรมาตร วัดต้าแป้น จ.แพร่,ชป.,ลุ่มน้ำยม,18.29807,100.02625,0,1,0,0
59277,canal/other,สถานีโทรมาตร วัดปทุมคีรี จ.สุโขทัย,ชป.,ลุ่มน้ำยม,17.0721,99.46634,0,1,0,0
59287,canal/other,สถานีโทรมาตร บ้านกุ้มเนิ้ง จ.สุโขทัย,ชป.,ลุ่มน้ำยม,17.59514,99.33208,0,1,0,0
59297,canal/other,สถานีโทรมาตร วัดแม่คุ จ.สุโขทัย,ชป.,ลุ่มน้ำยม,17.67522,99.87192,0,1,0,0
AIT001,canal/other,อโศก,สสน.,ลุ่มน้ำเจ้าพระยา,13.74325,100.562164,1,1,0,0
AIT002,canal/other,สะพานลำน้ำเลย,สสน.,ลุ่มน้ำโขงตะวันออกเฉียงเหนือ,17.860956,101.61144,1,0,0,0
AIT003,canal/other,สะพานห้วยน้ำฮวย,สสน.,ลุ่มน้ำโขงตะวันออกเฉียงเหนือ,18.151169,102.17911,1,0,0,0
AIT005,canal/other,สะพานห้วยบังบาต,สสน.,ลุ่มน้ำโขงตะวันออกเฉียงเหนือ,18.282616,103.88075,1,0,0,0
AIT008,canal/other,สะพานห้วยมุก,สสน.,ลุ่มน้ำโขงตะวันออกเฉียงเหนือ,16.546862,104.730385,1,0,0,0
AIT009,canal/other,สะพานบังอี่,สสน.,ลุ่มน้ำโขงตะวันออกเฉียงเหนือ,16.345835,104.889885,1,0,0,0
AIT011,canal/other,สะพานข้ามน้ำมูล,สสน.,ลุ่มน้ำมูล,15.310499,105.49311,1,0,0,0
ANLI,canal/other,อบต.อ่ายนาไลย,สสน.,ลุ่มน้ำน่าน,18.553623,100.714745,0,1,0,0
ATG01,canal/other,,,,,,0,0,1,0
ATG011,canal/other,ปตร.พลเทพ,สสน.,ลุ่มน้ำเจ้าพระยา,15.21593,100.07285,0,1,0,1
ATG02,canal/other,ปตร.มโนรมย์,สสน.,ลุ่มน้ำเจ้าพระยา,15.330455,100.103325,0,1,1,1
ATG021,canal/other,เหนือ ปตร.มโนรมย์,สสน.,ลุ่มน้ำเจ้าพระยา,15.33046,100.10331,0,1,0,0
ATG03,canal/other,ปตร.บรมธาตุ,สสน.,ลุ่มน้ำเจ้าพระยา,15.158136,100.15353,0,1,1,1
ATG031,canal/other,เหนือปตร.บรมธาตุ,สสน.,ลุ่มน้ำเจ้าพระยา,15.15816,100.15352,0,1,0,0
ATG032,canal/other,ท้ายปตร.บรมธาตุ,สสน.,ลุ่มน้ำเจ้าพระยา,15.15785,100.15282,0,1,0,0
ATG04,canal/other,ปตร.มะขามเฒ่า-อู่ทอง,สสน.,ลุ่มน้ำท่าจีน,15.222973,100.062805,0,1,1,1
ATG042,canal/other,ท้ายปตร.มะขามเฒ่า-อู่ทอง,สสน.,ลุ่มน้ำท่าจีน,15.22229,100.06236,0,1,0,0
ATG05,canal/other,ปตร.พระนารายน์,สสน.,ลุ่มน้ำป่าสัก,14.558294,100.76207,0,1,1,1
ATG051,canal/other,เหนือปตร.พระนารายน์,สสน.,ลุ่มน้ำป่าสัก,14.5583,100.76205,0,1,0,0
ATG052,canal/other,ท้ายปตร.พระนารายน์,สสน.,ลุ่มน้ำป่าสัก,14.55667,100.76201,0,1,0,0
ATG06,canal/other,,,,,,0,0,1,1
ATG07,canal/other,ปตร.พระศรีศิลป์,สสน.,ลุ่มน้ำเจ้าพระยา,14.331148,100.87292,0,1,1,1
ATG072,canal/other,ท้ายปตร.พระศรีศิลป์,สสน.,ลุ่มน้ำเจ้าพระยา,14.32729,100.87117,0,1,0,0
ATG08,canal/other,ปตร.พระธรรมราชา,สสน.,ลุ่มน้ำเจ้าพระยา,14.077689,100.89208,0,1,1,1
ATG081,canal/other,เหนือปตร.พระธรรมราชา,สสน.,ลุ่มน้ำเจ้าพระยา,14.07771,100.89208,0,1,0,0
ATG082,canal/other,ท้ายปตร.พระธรรมราชา,สสน.,ลุ่มน้ำเจ้าพระยา,14.07636,100.89392,0,1,0,0
ATG09,canal/other,ปตร.พระอินทราชา,สสน.,ลุ่มน้ำเจ้าพระยา,14.144052,100.62136,0,1,1,1
ATG091,canal/other,เหนือปตร.พระอินทราชา,สสน.,ลุ่มน้ำเจ้าพระยา,14.14407,100.62136,0,1,0,0
ATG092,canal/other,ท้ายปตร.พระอินทราชา,สสน.,ลุ่มน้ำเจ้าพระยา,14.14378,100.62075,0,1,0,0
ATG10,canal/other,,,,,,0,0,1,0
ATG101,canal/other,ปตร.จุฬาลงกรณ์,สสน.,ลุ่มน้ำเจ้าพระยา,13.98135,100.6057,0,1,0,1
ATG11,canal/other,ปตร.มหาราช,สสน.,ลุ่มน้ำเจ้าพระยา,15.15893,100.17328,0,1,1,1
ATG111,canal/other,เหนือปตร.มหาราช,สสน.,ลุ่มน้ำเจ้าพระยา,15.15892,100.17329,0,1,0,0
ATG112,canal/other,ท้ายปตร.มหาราช,สสน.,ลุ่มน้ำเจ้าพระยา,15.16144,100.17268,0,1,0,0
ATG12,canal/other,ปตร.ท่าโบสถ์,สสน.,ลุ่มน้ำท่าจีน,15.054189,100.01159,0,1,1,1
ATG121,canal/other,เหนือปตร.ท่าโบสถ์,สสน.,ลุ่มน้ำท่าจีน,15.05419,100.01161,0,1,0,0
ATG122,canal/other,ท้ายปตร.ท่าโบสถ์,สสน.,ลุ่มน้ำท่าจีน,15.05349,100.01175,0,1,0,0
ATG13,canal/other,ปตร.ชลมาร์คพิจารณ์,สสน.,ลุ่มน้ำท่าจีน,14.77117,100.08841,0,1,1,1
ATG131,canal/other,เหนือปตร.ชลมาร์คพิจารณ์,สสน.,ลุ่มน้ำท่าจีน,14.77118,100.0884,0,1,0,0
ATG132,canal/other,ท้ายปตร.ชลมาร์คพิจารณ์,สสน.,ลุ่มน้ำท่าจีน,14.7706,100.08824,0,1,0,0
ATG14,canal/other,ปตร.โพธิ์พระยา,สสน.,ลุ่มน้ำท่าจีน,14.532452,100.122246,0,1,1,1
ATG141,canal/other,เหนือปตร.โพธิ์พระยา,สสน.,ลุ่มน้ำท่าจีน,14.53248,100.12224,0,1,0,0
ATG142,canal/other,ท้ายปตร.โพธิ์พระยา,สสน.,ลุ่มน้ำท่าจีน,14.53181,100.12245,0,1,0,0
ATG15,canal/other,ปตร.บางระจัน,สสน.,ลุ่มน้ำเจ้าพระยา,14.925949,100.275826,0,1,1,1
ATG151,canal/other,เหนือปตร.บางระจัน,สสน.,ลุ่มน้ำเจ้าพระยา,14.92594,100.27585,0,1,0,0
ATG152,canal/other,ท้ายปตร.บางระจัน,สสน.,ลุ่มน้ำเจ้าพระยา,14.92539,100.27912,0,1,0,0
ATG16,canal/other,ปตร.ยางมณี,สสน.,ลุ่มน้ำเจ้าพระยา,14.75102,100.41464,0,1,1,1
ATG161,canal/other,เหนือปตร.ยางมณี,สสน.,ลุ่มน้ำเจ้าพระยา,14.751,100.41463,0,1,0,0
ATG162,canal/other,ท้ายปตร.ยางมณี,สสน.,ลุ่มน้ำเจ้าพระยา,14.75033,100.41498,0,1,0,0
ATG17,canal/other,ปตร.ผักไห่-เจ้าเจ็ด,สสน.,ลุ่มน้ำเจ้าพระยา,14.436465,100.375626,0,1,1,1
ATG171,canal/other,เหนือปตร.ผักไห่-เจ้าเจ็ด,สสน.,ลุ่มน้ำเจ้าพระยา,14.43643,100.37562,0,1,0,0
ATG18,canal/other,ปตร.ช่องแค,สสน.,ลุ่มน้ำเจ้าพระยา,15.14621,100.413,0,1,1,0
ATG181,canal/other,เหนือปตร.ช่องแค,สสน.,ลุ่มน้ำเจ้าพระยา,15.14624,100.41298,0,1,0,0
ATG182,canal/other,ท้ายปตร.ช่องแค,สสน.,ลุ่มน้ำเจ้าพระยา,15.14554,100.41321,0,1,0,0
B.10,canal/other,ตลาดท่ายาง,ชป.,ลุ่มน้ำเพชรบุรี-ประจวบคีรีขันธ์,12.97398,99.88784,1,0,0,0
B.15,canal/other,ข้างจวนผู้ว่าฯ,ชป.,ลุ่มน้ำเพชรบุรี-ประจวบคีรีขันธ์,13.11125,99.948219,1,0,0,0
B.16,canal/other,สะพานบ้านลาด,ชป.,ลุ่มน้ำเพชรบุรี-ประจวบคีรีขันธ์,13.04917,99.918549,1,0,0,0
B.18,canal/other,เขาลูกช้าง,ชป.,ลุ่มน้ำเพชรบุรี-ประจวบคีรีขันธ์,12.81337,99.794022,1,0,0,0
B.3A,canal/other,บ้านสองพี่น้อง,ชป.,ลุ่มน้ำเพชรบุรี-ประจวบคีรีขันธ์,12.86361,99.678497,1,0,0,0
B.8A,canal/other,บ้านโพรงเข้,ชป.,ลุ่มน้ำเพชรบุรี-ประจวบคีรีขันธ์,12.81504,99.700867,1,0,0,0
B.9,canal/other,บ้านสาระเห็ด,ชป.,ลุ่มน้ำเพชรบุรี-ประจวบคีรีขันธ์,12.80623,99.770569,1,0,0,0
BARI,canal/other,ศูนย์อปพร. อบต.บ้านไร่,สสน.,ลุ่มน้ำท่าจีน,15.08265,99.51935,0,1,0,0
BBHN,canal/other,อบต.บางหิน,สสน.,ลุ่มน้ำภาคใต้ฝั่งตะวันตก,9.536943,98.57948,0,1,0,0
BBON,canal/other,อบต.แจ้ซ้อน,สสน.,ลุ่มน้ำวัง,18.816967,99.50007,0,1,0,0
BBU01,canal/other,แม่น้ำปิงที่ อ.จอมทอง,กฟผ.,ลุ่มน้ำปิง,18.435266,98.740107,1,0,0,0
BBU02,canal/other,แม่น้ำปิงที่ อ.ฮอด,กฟผ.,ลุ่มน้ำปิง,18.178275,98.630519,1,0,0,0
BBU04,canal/other,ห้วยแม่ตื่นที่ อ.อมก๋อย,กฟผ.,ลุ่มน้ำปิง,17.387731,98.467658,1,0,0,0
BBWN,canal/other,อบต.บางวัน,สสน.,ลุ่มน้ำภาคใต้ฝั่งตะวันตก,9.085655,98.44331,0,1,0,0
BCAP,canal/other,อบต.หนองญ้าปล้อง,สสน.,ลุ่มน้ำเพชรบุรี-ประจวบคีรีขันธ์,13.16995,99.68775,0,1,0,0
BDCP,canal/other,อบต.ด่านชุมพล,สสน.,ลุ่มน้ำชายฝั่งทะเลตะวันออก,12.44444,102.62998,0,1,0,0
BDLH,canal/other,ทต.ลานหอย,สสน.,ลุ่มน้ำยม,17.00853,99.58299,0,1,0,0
BGBO,canal/other,ทต.เกาะช้าง,สสน.,ลุ่มน้ำชายฝั่งทะเลตะวันออก,12.103383,102.352,0,1,0,0
BGYN,canal/other,อบต.บางใหญ่,สสน.,ลุ่มน้ำภาคใต้ฝั่งตะวันตก,10.30637,98.77072,0,1,0,0
BHMN,canal/other,อบต.ห้วยมุ่น,สสน.,ลุ่มน้ำน่าน,17.80914,100.93942,0,1,0,0
BHUN,canal/other,อบต.นาหินลาด,สสน.,ลุ่มน้ำบางปะกง,14.20724,101.35025,0,1,0,0
BKDN,canal/other,อบต.เขาทอง,สสน.,ลุ่มน้ำเจ้าพระยา,15.5707,100.18319,0,1,0,0
BKHN,canal/other,อบต.บ้านลำนาว,สสน.,ลุ่มน้ำภาคใต้ฝั่งตะวันตก,8.02919,99.47584,0,1,0,0
BKJO,canal/other,อบต.บางกระเจ้า,สสน.,ลุ่มน้ำท่าจีน,13.52146,100.19283,0,1,0,0
BKK001,canal/other,คลองลาดพร้าว ท้ายปตร.คลอง2,สสน.,ลุ่มน้ำเจ้าพระยา,13.92245,100.63438,1,1,1,0
BKK002,canal/other,คลองเปรมประชากร หลักหก,สสน.,ลุ่มน้ำเจ้าพระยา,13.96562,100.60262,1,1,1,1
BKK003,canal/other,คลองมหาสวัสดิ บางกรวย-สวนผัก,สสน.,ลุ่มน้ำเจ้าพระยา,13.79965,100.43863,1,1,1,1
BKK004,canal/other,คลองทวีวัฒนา ท้ายปตร.ทวีวัฒนา,สสน.,ลุ่มน้ำเจ้าพระยา,13.79565,100.33195,0,1,1,0
BKK005,canal/other,คลองภาษีเจริญ เพชรเกษม69,สสน.,ลุ่มน้ำเจ้าพระยา,13.69158,100.38127,1,1,1,1
BKK006,canal/other,คลองมหาชัย วัดพันท้ายนรสิงห์,สสน.,ลุ่มน้ำท่าจีน,13.58184,100.36587,1,1,1,1
BKK007,canal/other,คลองอ้อมนนท์ บางใหญ่ (ถนนบางกรวย-ไทรน้อย),สสน.,ลุ่มน้ำเจ้าพระยา,,,0,1,1,1
BKK008,canal/other,คลองแสนแสบ บางกะปิ,สสน.,ลุ่มน้ำเจ้าพระยา,13.76131,100.61601,0,1,1,0
BKK009,canal/other,คลองลำปลาทิว ลาดกระบัง,สสน.,ลุ่มน้ำบางปะกง,13.7407,100.79468,1,1,1,1
BKK010,canal/other,,,,,,0,0,1,0
BKK011,canal/other,,,,,,0,0,1,0
BKK012,canal/other,คลองสำโรง บางเสาธง,สสน.,ลุ่มน้ำบางปะกง,13.58913,100.80249,0,1,1,1
BKK013,canal/other,คลองระพีพัฒน์แยกใต้ หนองเสือ,สสน.,ลุ่มน้ำเจ้าพระยา,14.2206,100.89168,1,1,1,1
BKK014,canal/other,,,,,,0,0,1,0
BKK015,canal/other,คลองหกวา ลำลูกกา คลอง8,สสน.,ลุ่มน้ำบางปะกง,13.9416,100.77499,1,1,1,1
BKK016,canal/other,ปากคลองพระองค์เจ้าฯ (บางน้ำเปรี้ยว),สสน.,ลุ่มน้ำบางปะกง,13.83819,100.9666,1,1,1,1
BKK017,canal/other,คลองจระเข้ใหญ่ บางเสาธง (วัดศรีวารีน้อย),สสน.,ลุ่มน้ำบางปะกง,13.66949,100.80058,1,1,1,0
BKK018,canal/other,คลองพระพิมล (ไทรน้อย),สสน.,ลุ่มน้ำเจ้าพระยา,13.97396,100.31901,1,1,1,1
BKK019,canal/other,คลองนราภิรมย์ (บางเลน),สสน.,ลุ่มน้ำเจ้าพระยา,13.88207,100.29086,1,1,1,0
BKK020,canal/other,คลองลาดพร้าว ปากคลอง2สายใต้,สสน.,ลุ่มน้ำบางปะกง,13.93183,100.63952,1,1,1,1
BKK021,canal/other,คลองลาดพร้าว วัดบางบัว,สสน.,ลุ่มน้ำเจ้าพระยา,13.85402,100.58746,1,1,1,1
BKLK,canal/other,ทต.จอมแจ้ง,สสน.,ลุ่มน้ำปิง,19.062576,98.94,0,1,0,0
BKNH,canal/other,อบต.ราษฎร์นิยม,สสน.,ลุ่มน้ำเจ้าพระยา,14.10388,100.32209,0,1,0,0
BKWN,canal/other,อบต.บางขวัญ,สสน.,ลุ่มน้ำบางปะกง,13.74984,101.07751,0,1,0,0
BLAT,canal/other,ทต.บ้านลาด,สสน.,ลุ่มน้ำเพชรบุรี-ประจวบคีรีขันธ์,13.04963,99.91617,0,1,0,0
BLD1,canal/other,ทต.เขื่อนบางลาง,สสน.,ลุ่มน้ำภาคใต้ฝั่งตะวันออกตอนล่าง,6.160882,101.27524,0,1,0,0
BLGTD01,canal/other,สะพานท้ายเขื่อนบางลาง อ.บันนังสตา จ.ยะลา,กฟผ.,ลุ่มน้ำภาคใต้ฝั่งตะวันออกตอนล่าง,6.160477,101.276104,1,0,0,0
BLGTD02,canal/other,สะพานหัวสะพาน อ.บันนังสตา จ.ยะลา,กฟผ.,ลุ่มน้ำภาคใต้ฝั่งตะวันออกตอนล่าง,6.262132,101.268237,1,0,0,0
BLGTD03,canal/other,สะพานท่าสาป อ.เมือง จ.ยะลา,กฟผ.,ลุ่มน้ำภาคใต้ฝั่งตะวันออกตอนล่าง,6.552715,101.266197,1,0,0,0
BLGTD04,canal/other,อาคารสูบน้ำดิบ กปภ. อ.ยะหา จ.ยะลา,กฟผ.,ลุ่มน้ำภาคใต้ฝั่งตะวันออกตอนล่าง,6.47481,101.139521,1,0,0,0
BLGTD05,canal/other,สะพานเมืองปัตตานี อ.เมือง จ.ปัตตานี,กฟผ.,ลุ่มน้ำภาคใต้ฝั่งตะวันออกตอนล่าง,6.859914,101.251309,1,0,0,0
BLGTU02,canal/other,สะพานบ้าน กม.29 อ.เบตง จ.ยะลา,กฟผ.,ลุ่มน้ำภาคใต้ฝั่งตะวันออกตอนล่าง,5.920578,101.182086,1,0,0,0
BLGTU05,canal/other,เขื่อนบางลาง อ.บันนังสตา จ.ยะลา,กฟผ.,ลุ่มน้ำภาคใต้ฝั่งตะวันออกตอนล่าง,6.153667,101.273116,1,0,0,0
BLGTU06,canal/other,ฝายละแอ อ.บันนังสตา จ.ยะลา,กฟผ.,ลุ่มน้ำภาคใต้ฝั่งตะวันออกตอนล่าง,6.143055,101.309167,1,0,0,0
BLKO,canal/other,ทต.ท่าพริกเนินทราย,สสน.,ลุ่มน้ำชายฝั่งทะเลตะวันออก,12.25512,102.55822,0,1,0,0
BLNG,canal/other,อบต.บ้านแลง,สสน.,ลุ่มน้ำชายฝั่งทะเลตะวันออก,12.700234,101.334755,0,1,0,0
BLUG,canal/other,สนามกีฬา อบต.ป่าคาหลวง,สสน.,ลุ่มน้ำยม,18.85289,100.43501,0,1,0,0
BMDG,canal/other,อบต.นากะชะ,สสน.,ลุ่มน้ำภาคใต้ฝั่งตะวันออกตอนบน,8.426959,99.44592,0,1,0,0
BMKN,canal/other,ทต.สันติสุข,สสน.,ลุ่มน้ำปิง,18.52898,98.82108,0,1,0,0
BMKO,canal/other,อบต.ไม้ขาว,สสน.,ลุ่มน้ำภาคใต้ฝั่งตะวันตก,8.18129,98.2988,0,1,0,0
BMNK,canal/other,เทศบาลตำบลหอไกร,สสน.,ลุ่มน้ำน่าน,16.04947,100.37354,0,1,0,0
BNAN,canal/other,อบต.บ้านกิ่ว,สสน.,ลุ่มน้ำวัง,18.08697,99.50413,0,1,0,0
BNGR,canal/other,อบต.หนองไร่,สสน.,ลุ่มน้ำชายฝั่งทะเลตะวันออก,13.001899,101.356445,0,1,0,0
BNHG,canal/other,ทต.บ้านโฮ่ง,สสน.,ลุ่มน้ำปิง,18.33523,98.81827,0,1,0,0
BNKK,canal/other,ทต.บ้านโคก,สสน.,ลุ่มน้ำน่าน,18.02097,101.06478,0,1,0,0
BNKN,canal/other,ทต.พลิ้ว,สสน.,ลุ่มน้ำชายฝั่งทะเลตะวันออก,12.49996,102.14759,0,1,0,0
BNPK,canal/other,อบต.บางครก,สสน.,ลุ่มน้ำเพชรบุรี-ประจวบคีรีขันธ์,13.19867,99.95052,0,1,0,0
BNR.01,canal/other,ปตร.บางนราตอนบน,ชป.,ลุ่มน้ำภาคใต้ฝั่งตะวันออกตอนล่าง,6.41,101.83,0,1,0,0
BNR.02,canal/other,ปตร.น้ำแบ่ง,ชป.,ลุ่มน้ำภาคใต้ฝั่งตะวันออกตอนล่าง,6.33,101.96,0,1,0,0
BNR.03,canal/other,ปตร.บางนราตอนล่าง,ชป.,ลุ่มน้ำภาคใต้ฝั่งตะวันออกตอนล่าง,6.25,102.03,0,1,0,0
BNR.08,canal/other,สะพานยะกัง,ชป.,ลุ่มน้ำภาคใต้ฝั่งตะวันออกตอนล่าง,6.4,101.82,0,1,0,0
BNTK,canal/other,อบต.ตากออก,สสน.,ลุ่มน้ำปิง,17.06029,99.06499,0,1,0,0
BOKA,canal/other,ทต.บ่อเกลือใต้,สสน.,ลุ่มน้ำน่าน,19.07989,101.15386,0,1,0,0
BOP1,canal/other,อบต.บ่อพลอย,สสน.,ลุ่มน้ำแม่กลอง,14.30446,99.50889,0,1,0,0
BPGD,canal/other,อบต.เขากระปุก,สสน.,ลุ่มน้ำเพชรบุรี-ประจวบคีรีขันธ์,12.71212,99.7317,0,1,0,0
BPLA,canal/other,อบต.เขาไชยราช,สสน.,ลุ่มน้ำภาคใต้ฝั่งตะวันออกตอนบน,10.94432,99.29758,0,1,0,0
BPPS,canal/other,อบต.บางตาหงาย,สสน.,ลุ่มน้ำปิง,15.93713,99.99173,0,1,0,0
BPTG,canal/other,อบต.หินดาด,สสน.,ลุ่มน้ำแม่กลอง,14.61504,98.72972,0,1,0,0
BRKM,canal/other,ทต.บางระกำเมืองใหม่,สสน.,ลุ่มน้ำยม,16.74887,100.0903,0,1,0,0
BSBA,canal/other,อบต.ควนสุบรรณ,สสน.,ลุ่มน้ำภาคใต้ฝั่งตะวันออกตอนบน,8.88152,99.38225,0,1,0,0
BSCL,canal/other,อบต.ศรีจุฬา,สสน.,ลุ่มน้ำบางปะกง,14.07064,101.13746,0,1,0,0
BSMP,canal/other,อบต.บึงสามพัน,สสน.,ลุ่มน้ำป่าสัก,15.77805,101.02094,0,1,0,0
BSP002,canal/other,คลองขนาน,สสน.,ลุ่มน้ำเพชรบุรี-ประจวบคีรีขันธ์,11.24042,99.43526,1,1,0,0
BSPN,canal/other,ทต.บางสะพานน้อย,สสน.,ลุ่มน้ำเพชรบุรี-ประจวบคีรีขันธ์,11.07618,99.44528,0,1,0,0
BST1,canal/other,อบต.ศีรษะจรเข้น้อย,สสน.,ลุ่มน้ำบางปะกง,13.67777,100.7945,0,1,0,0
BSVT,canal/other,ทต.ร่อนทอง,สสน.,ลุ่มน้ำเพชรบุรี-ประจวบคีรีขันธ์,11.2633,99.43821,0,1,0,0
BTCH,canal/other,ทต.ทับช้าง,สสน.,ลุ่มน้ำบางปะกง,13.2346,102.18735,0,1,0,0
BTGH,canal/other,อบต.ยะรม,สสน.,ลุ่มน้ำภาคใต้ฝั่งตะวันออกตอนล่าง,5.775838,101.092445,0,1,0,0
BTHI,canal/other,ศูนย์อปพร. ทต.บ้านธิ,สสน.,ลุ่มน้ำปิง,18.65179,99.11649,0,1,0,0
BTWN,canal/other,รร.วัดทายิการาม,สสน.,ลุ่มน้ำภาคใต้ฝั่งตะวันออกตอนบน,8.08212,100.16427,0,1,0,0
BUKT,canal/other,ทต.บูเก๊ะตา,สสน.,ลุ่มน้ำภาคใต้ฝั่งตะวันออกตอนล่าง,5.848687,101.88024,0,1,0,0
BWKG,canal/other,อบต.บ้านไร่,สสน.,ลุ่มน้ำน่าน,16.61083,100.26579,0,1,0,0
BYNU,canal/other,ทต.ราไวย์,สสน.,ลุ่มน้ำภาคใต้ฝั่งตะวันตก,7.77087,98.31879,0,1,0,0
CAN001,canal/other,คลองระพีพัฒน์แยกตก,สสน.,ลุ่มน้ำเจ้าพระยา,14.20612,100.74476,1,1,1,0
CATK,canal/other,อบต.หนองหญ้า,สสน.,ลุ่มน้ำแม่กลอง,13.983793,99.45824,0,1,0,0
CBUR,canal/other,อบต.ชัยบุรี,สสน.,ลุ่มน้ำภาคใต้ฝั่งตะวันออกตอนบน,8.45064,99.08304,0,1,0,0
CCSS,canal/other,อบต.ท่าข้าม,สสน.,ลุ่มน้ำภาคใต้ฝั่งตะวันออกตอนบน,10.620336,99.12824,0,1,0,0
CEHM,canal/other,อบต.แจ้ห่ม,สสน.,ลุ่มน้ำวัง,18.71225,99.58207,0,1,0,0
CGDO,canal/other,ทต.แม่นะ,สสน.,ลุ่มน้ำปิง,19.34123,98.96134,0,1,0,0
CGMN,canal/other,ทต.เชียงม่วน,สสน.,ลุ่มน้ำยม,18.8938,100.28783,0,1,0,0
CHAM,canal/other,การประปา ทม.ชะอำ,สสน.,ลุ่มน้ำเพชรบุรี-ประจวบคีรีขันธ์,12.78631,99.96016,0,1,0,0
CHAU01,canal/other,คลองชะอวด,สสน.,ลุ่มน้ำภาคใต้ฝั่งตะวันออกตอนบน,7.96636,99.99436,1,1,0,0
CHHA,canal/other,ทต.ช่อแฮ,สสน.,ลุ่มน้ำยม,18.08883,100.21215,0,1,0,0
CHI001,canal/other,บ้านเขว้า,สสน.,ลุ่มน้ำชี,15.93316,101.69951,1,0,0,0
CHI003,canal/other,เมืองชัยภูมิ,สสน.,ลุ่มน้ำชี,15.68157,102.0095,1,0,0,0
CHI005,canal/other,ชนบท,สสน.,ลุ่มน้ำชี,16.09691,102.56997,1,0,0,0
CHI006,canal/other,เมืองขอนแก่น,สสน.,ลุ่มน้ำชี,16.3259,102.78601,1,0,0,0
CHI011,canal/other,เขื่องใน,สสน.,ลุ่มน้ำชี,15.32248,104.54649,1,0,0,0
CHI012,canal/other,เมืองมหาสารคาม,สสน.,ลุ่มน้ำชี,16.23231,103.27106,1,0,0,0
CHI013,canal/other,ยางตลาด,สสน.,ลุ่มน้ำชี,16.411083,103.467125,1,0,0,0
CHI015,canal/other,สะพานฉลองขอนแก่น 200 ปี,สสน.,ลุ่มน้ำชี,16.528994,102.906006,1,0,0,0
CHK001,canal/other,บ่อดินขาว,สสน.,ลุ่มน้ำเจ้าพระยา,15.169044,100.41471,1,1,0,0
CHK002,canal/other,เขาวง,สสน.,ลุ่มน้ำเจ้าพระยา,15.181689,100.41453,1,1,0,0
CHKG,canal/other,อบต.ช่างเคิ่ง,สสน.,ลุ่มน้ำปิง,18.50663,98.35233,0,1,0,0
CHN001,canal/other,เมืองจันทบุรี,สสน.,ลุ่มน้ำชายฝั่งทะเลตะวันออก,12.613584,102.11407,1,1,0,0
CHN002,canal/other,เขาคิชฌกูฏ,สสน.,ลุ่มน้ำชายฝั่งทะเลตะวันออก,12.793924,102.11266,0,1,0,0
CHN004,canal/other,แก่งหางแมว,สสน.,ลุ่มน้ำชายฝั่งทะเลตะวันออก,12.986792,101.89965,1,1,0,0
CHN005,canal/other,นายายอาม,สสน.,ลุ่มน้ำชายฝั่งทะเลตะวันออก,12.722433,101.95606,1,1,0,0
CHNA,canal/other,อบต.สินปุน,สสน.,ลุ่มน้ำภาคใต้ฝั่งตะวันออกตอนบน,8.25222,99.27451,0,1,0,0
CHR001,canal/other,เมืองเชียงราย,สสน.,ลุ่มน้ำโขงเหนือ,19.82637,99.77892,1,0,0,0
CHR002,canal/other,เทิง,สสน.,ลุ่มน้ำโขงเหนือ,19.68822,100.18758,1,0,0,0
CHR003,canal/other,แม่จัน,สสน.,ลุ่มน้ำโขงเหนือ,20.15754,99.85966,1,0,0,0
CHR004,canal/other,แม่สรวย,สสน.,ลุ่มน้ำโขงเหนือ,19.65265,99.5379,1,0,0,0
CHR005,canal/other,เชียงแสน,สสน.,ลุ่มน้ำโขงเหนือ,20.2197,100.12121,1,0,0,0
CIHO,canal/other,อบต.บูกิต,สสน.,ลุ่มน้ำภาคใต้ฝั่งตะวันออกตอนล่าง,6.199255,101.82713,0,1,0,0
CKLG,canal/other,สำนักงานป้องกันและบรรเทาสาธารณภัย ทต.เชียงกลาง,สสน.,ลุ่มน้ำน่าน,19.28749,100.85815,0,1,0,0
CLPK,canal/other,อบต.ห้วยโก๋น,สสน.,ลุ่มน้ำน่าน,19.59513,101.08574,0,1,0,0
CMKK,canal/other,ทม.ทับกวาง,สสน.,ลุ่มน้ำป่าสัก,14.60885,101.07645,0,1,0,0
CMP001,canal/other,เมืองชุมพร,สสน.,ลุ่มน้ำภาคใต้ฝั่งตะวันออกตอนบน,10.574472,99.145744,1,1,0,0
CMP002,canal/other,หลังสวน,สสน.,ลุ่มน้ำภาคใต้ฝั่งตะวันออกตอนบน,9.953369,99.06444,1,1,0,0
CMSG,canal/other,อบต.พิกุล,สสน.,ลุ่มน้ำน่าน,15.89838,100.30775,0,1,0,0
CNDN,canal/other,อบต.ชนแดน,สสน.,ลุ่มน้ำน่าน,16.17908,100.90167,0,1,0,0
CTKN,canal/other,อบต.ป่าแดง,สสน.,ลุ่มน้ำน่าน,17.26216,100.57626,0,1,0,0
Ct.19,canal/other,บ้านดอนใหญ่,ชป.,ลุ่มน้ำสะแกกรัง,15.45274,100.031891,1,0,1,0
Ct.2A,canal/other,บ้านหาดทนง,ชป.,ลุ่มน้ำสะแกกรัง,15.41085,100.057068,1,0,1,0
Ct.4,canal/other,บ้านศาลเจ้าไก่ต่อ,ชป.,ลุ่มน้ำสะแกกรัง,15.78585,99.678329,1,0,0,0
Ct.5A,canal/other,บ้านปางมะค่า,ชป.,ลุ่มน้ำสะแกกรัง,15.92832,99.502373,1,0,0,0
Ct.9,canal/other,บ้านบุ่งอ้ายเจี้ยม,ชป.,ลุ่มน้ำสะแกกรัง,15.51829,99.483528,1,0,0,0
DCCT,canal/other,ทต.เด่นชัย,สสน.,ลุ่มน้ำยม,17.98365,100.05173,0,1,0,0
DDSO,canal/other,อบต.ไล่โว่,สสน.,ลุ่มน้ำแม่กลอง,15.187645,98.47713,0,1,0,0
DGSL,canal/other,อบต.นาสวน,สสน.,ลุ่มน้ำแม่กลอง,14.61133,99.12579,0,1,0,0
DITO,canal/other,อบต.ดอยเต่า,สสน.,ลุ่มน้ำปิง,17.91548,98.72789,0,1,0,0
DIV001,canal/other,คลองผันน้ำยม-น่าน1,สสน.,ลุ่มน้ำยม,17.3662,99.84369,0,1,0,1
DIV002,canal/other,คลองผันน้ำยม-น่าน2,สสน.,ลุ่มน้ำยม,16.95387,100.12127,1,1,0,1
DIV003,canal/other,คลองผันน้ำยม-น่าน3,สสน.,ลุ่มน้ำน่าน,17.29251,100.07764,1,1,0,1
DIV004,canal/other,คลองผันน้ำยม-น่าน4,สสน.,ลุ่มน้ำยม,16.67167,100.24581,1,1,0,1
DIV005,canal/other,ท่อทองแดง1,สสน.,ลุ่มน้ำปิง,16.49714,99.51958,1,1,0,1
DKLG,canal/other,อบต.ดอนฉิมพลี,สสน.,ลุ่มน้ำบางปะกง,13.90535,100.97028,0,1,0,0
DNCM,canal/other,อบต.ดอนชะเอม,สสน.,ลุ่มน้ำท่าจีน,13.96196,99.80394,0,1,0,0
DNP034,canal/other,ต้นน้ำห้วยมัด,อส.,ลุ่มน้ำน่าน,19.009728,100.967315,0,1,0,0
DNP035,canal/other,สะพานห้วยต้อ บ้านทุ่งกลาง,อส.,ลุ่มน้ำน่าน,19.016589,100.934304,0,1,0,0
DOCI,canal/other,ทต.ทาสบเส้า,สสน.,ลุ่มน้ำปิง,18.46538,99.1267,0,1,0,0
DR158,canal/other,,,,,,0,0,0,1
DR28,canal/other,,,,,,0,0,0,1
DSKT,canal/other,ทต.ดอยสะเก็ด,สสน.,ลุ่มน้ำปิง,18.86477,99.13227,0,1,0,0
E.16A,canal/other,บ้านกุดกว้าง,ชป.,ลุ่มน้ำชี,16.356001,102.804291,1,0,0,0
E.18,canal/other,บ้านท่าสะแบง,ชป.,ลุ่มน้ำชี,16.034149,103.906937,1,1,0,0
E.20A,canal/other,บ้านฟ้าหยาด,ชป.,ลุ่มน้ำชี,15.52481,104.249657,1,0,0,0
E.21,canal/other,บ้านแก่งโก,ชป.,ลุ่มน้ำชี,15.75292,102.252609,1,1,0,0
E.22B,canal/other,บ้านท่าเม่า,ชป.,ลุ่มน้ำชี,16.65448,102.823486,1,0,0,0
E.23,canal/other,บ้านค่าย,ชป.,ลุ่มน้ำชี,15.68176,102.009552,1,1,0,0
E.29A,canal/other,บ้านผานกเค้า,ชป.,ลุ่มน้ำชี,16.847639,101.94426,1,0,0,0
E.2A,canal/other,ประปายโสธร,ชป.,ลุ่มน้ำชี,15.79962,104.134857,1,0,0,0
E.32A,canal/other,บ้านหนองอ้อ,ชป.,ลุ่มน้ำชี,15.9074,101.708229,1,0,0,0
E.5,canal/other,บ้านโนนเชือก,ชป.,ลุ่มน้ำชี,15.7325,101.830048,1,0,0,0
E.54,canal/other,บ้านแก่งยาว,ชป.,ลุ่มน้ำชี,16.442511,104.030724,1,0,0,0
E.57A,canal/other,บ้านสมสนุก,ชป.,ลุ่มน้ำชี,16.68523,104.08213,1,0,0,0
E.65,canal/other,บ้านท่าไฮ,ชป.,ลุ่มน้ำชี,16.95174,103.168053,1,0,0,0
E.66A,canal/other,บ้านม่วงลาด,ชป.,ลุ่มน้ำชี,16.20825,103.527641,1,0,0,0
E.67,canal/other,บ้านท่างาม,ชป.,ลุ่มน้ำชี,16.952499,103.496674,1,0,0,0
E.68A,canal/other,บ้านข้องโป้,ชป.,ลุ่มน้ำชี,17.082161,102.450798,1,0,0,0
E.6C,canal/other,บ้านตาดโตน,ชป.,ลุ่มน้ำชี,15.95536,102.03363,1,0,0,0
E.70,canal/other,บ้านกุดก่วง,ชป.,ลุ่มน้ำชี,16.288441,104.00489,1,0,0,0
E.75,canal/other,บ้านหนองม่วง,ชป.,ลุ่มน้ำชี,16.581209,103.437111,1,0,0,0
E.76A,canal/other,บ้านโพน,ชป.,ลุ่มน้ำชี,16.86068,103.594856,1,0,0,0
E.85,canal/other,บ้านโนนหัน,ชป.,ลุ่มน้ำชี,16.590509,101.983223,1,0,0,0
E.87,canal/other,บ้านวังหิน,ชป.,ลุ่มน้ำชี,16.34078,103.577011,1,0,0,0
E.88,canal/other,บ้านดงสวรรค์,ชป.,ลุ่มน้ำชี,16.83222,103.369171,1,0,0,0
E.89,canal/other,บ้านหนองริวหนัง,ชป.,ลุ่มน้ำชี,16.665831,103.308609,1,0,0,0
E.8A,canal/other,บ้านดินดำ,ชป.,ลุ่มน้ำชี,16.231939,103.271019,1,0,0,0
E.9,canal/other,บ้านท่านางเลื่อน,ชป.,ลุ่มน้ำชี,16.096939,102.570023,1,0,0,0
E.90,canal/other,เนินยางใต้,ชป.,ลุ่มน้ำชี,16.772221,103.648331,1,0,0,0
E.91,canal/other,บ้านดอนขนวน,ชป.,ลุ่มน้ำชี,16.36607,102.949753,1,0,0,0
E.93,canal/other,บ้านยาง,ชป.,ลุ่มน้ำชี,16.31431,101.875816,1,0,0,0
E.95A,canal/other,บ้านธวัชดินแดง,ชป.,ลุ่มน้ำชี,16.115801,103.846603,1,0,0,0
E.98,canal/other,บ้านเขื่องใน,ชป.,ลุ่มน้ำชี,15.30323,104.50032,1,0,0,0
E00,canal/other,ศูนย์ควบคุมระบบป้องกันน้ำท่วมกรุงเทพมหานคร,สนน กทม.,ลุ่มน้ำเจ้าพระยา,13.768803,100.554532,0,1,0,0
E01,canal/other,ประตูระบายน้ำคลองสองสายใต้,สนน กทม.,ลุ่มน้ำเจ้าพระยา,13.923057,100.634483,0,1,0,0
E02,canal/other,ประตูระบายน้ำคลองพระยาสุเรนทร์,สนน กทม.,ลุ่มน้ำเจ้าพระยา,13.921487,100.687087,0,1,0,0
E03,canal/other,ประตูระบายน้ำคลองสามวา,สนน กทม.,ลุ่มน้ำบางปะกง,13.859542,100.7291,0,1,0,0
E04,canal/other,สถานีวัดระดับน้ำ-น้ำฝน คลองบางบัว,สนน กทม.,ลุ่มน้ำเจ้าพระยา,13.857922,100.586614,0,1,0,0
E05,canal/other,สถานีสูบน้ำคลองตาอูฐ,สนน กทม.,ลุ่มน้ำเจ้าพระยา,13.899716,100.58688,0,1,0,0
E06,canal/other,สถานีวัดระดับน้ำ-น้ำฝน คลองลำชะล่า,สนน กทม.,ลุ่มน้ำเจ้าพระยา,13.836421,100.661284,0,1,0,0
E07,canal/other,ประตูระบายน้ำคลองแสนแสบ ตอนถนนประชาร่วมใจ,สนน กทม.,ลุ่มน้ำบางปะกง,13.820898,100.747544,0,1,0,0
E08,canal/other,สถานีสูบน้ำคลองบางเขนใหม่,สนน กทม.,ลุ่มน้ำเจ้าพระยา,13.818737,100.512322,0,1,0,0
E09,canal/other,ประตูระบายน้ำคลองบึงขวาง,สนน กทม.,ลุ่มน้ำเจ้าพระยา,13.797348,100.704503,0,1,0,0
E10,canal/other,สถานีสูบน้ำคลองบางซื่อ,สนน กทม.,ลุ่มน้ำเจ้าพระยา,13.800159,100.51852,0,1,0,0
E11,canal/other,ประตูระบายน้ำคลองแสนแสบ ตอนบางชัน,สนน กทม.,ลุ่มน้ำเจ้าพระยา,13.797348,100.704503,0,1,0,0
E12,canal/other,ประตูระบายน้ำคลองลาดพร้าว,สนน กทม.,ลุ่มน้ำเจ้าพระยา,13.794305,100.589421,0,1,0,0
E13,canal/other,สถานีสูบน้ำคลองสามเสน,สนน กทม.,ลุ่มน้ำเจ้าพระยา,13.784864,100.508238,0,1,0,0
E14,canal/other,สถานีสูบน้ำคลองเจ้าคุณสิงห์,สนน กทม.,ลุ่มน้ำเจ้าพระยา,13.761633,100.615268,0,1,0,0
E15,canal/other,สถานีสูบน้ำเทเวศร์,สนน กทม.,ลุ่มน้ำเจ้าพระยา,13.771828,100.501172,0,1,0,0
E16,canal/other,สถานีวัดระดับน้ำ-น้ำฝน คลองสามเสน ตอนอนุสาวรีย์ชัยสมรภูมิ,สนน กทม.,ลุ่มน้ำเจ้าพระยา,13.768955,100.534576,0,1,0,0
E17,canal/other,สถานีวัดระดับน้ำ-น้ำฝน คลองแสนแสบ เขตบางกะปิ,สนน กทม.,ลุ่มน้ำเจ้าพระยา,13.765205,100.647723,0,1,0,0
E19,canal/other,สถานีสูบน้ำคลองแสนแสบ ตอนคลองตัน,สนน กทม.,ลุ่มน้ำเจ้าพระยา,13.741229,100.596284,0,1,0,0
E20,canal/other,สถานีสูบน้ำกรุงเกษม,สนน กทม.,ลุ่มน้ำเจ้าพระยา,13.730475,100.597344,0,1,0,0
E22,canal/other,ประตูระบายน้ำคลองประเวศบุรีรมย์ ตอนวัดกระทุ่มเสือปลา,สนน กทม.,ลุ่มน้ำเจ้าพระยา,13.724049,100.689457,0,1,0,0
E24,canal/other,สถานีวัดระดับน้ำ-น้ำฝน คลองประเวศบุรีรมย์ ตอนวัดขจรศิริ,สนน กทม.,ลุ่มน้ำบางปะกง,13.723484,100.783931,0,1,0,0
E25,canal/other,สถานีสูบน้ำพระราม 4,สนน กทม.,ลุ่มน้ำเจ้าพระยา,13.708701,100.55457,0,1,0,0
E26,canal/other,สถานีสูบน้ำพระโขนง,สนน กทม.,ลุ่มน้ำเจ้าพระยา,13.708558,100.595379,0,1,0,0
E27,canal/other,สถานีสูบน้ำคลองเตย,สนน กทม.,ลุ่มน้ำเจ้าพระยา,13.706159,100.587578,0,1,0,0
E28,canal/other,สถานีสูบน้ำคลองเจ็ก,สนน กทม.,ลุ่มน้ำเจ้าพระยา,13.692134,100.58986,0,1,0,0
E29,canal/other,สถานีสูบน้ำคลองวัดไทร,สนน กทม.,ลุ่มน้ำเจ้าพระยา,13.686457,100.516373,0,1,0,0
E30,canal/other,สถานีสูบน้ำคลองบางอ้อ,สนน กทม.,ลุ่มน้ำเจ้าพระยา,13.682211,100.592233,0,1,0,0
E31,canal/other,สถานีสูบน้ำคลองบางนา,สนน กทม.,ลุ่มน้ำเจ้าพระยา,13.675075,100.587306,0,1,0,0
E32,canal/other,สถานีวัดระดับน้ำ-น้ำฝน คลองบางนา ตอนถนนศรีนครินทร์,สนน กทม.,ลุ่มน้ำเจ้าพระยา,13.661041,100.639611,0,1,0,0
E33,canal/other,สถานีสูบน้ำคลองสำโรง,สนน กทม.,ลุ่มน้ำเจ้าพระยา,13.648306,100.595093,0,1,0,0
E34,canal/other,ประตูระบายน้ำคลองแสนแสบ ตอนถนนสังฆสันติสุข,สนน กทม.,ลุ่มน้ำบางปะกง,13.855176,100.872918,0,1,0,0
E35,canal/other,สถานีสูบน้ำช่องนนทรี,สนน กทม.,ลุ่มน้ำเจ้าพระยา,13.694988,100.548831,0,1,0,0
E36,canal/other,สถานีสูบน้ำคลองบางจาก,สนน กทม.,ลุ่มน้ำเจ้าพระยา,13.689154,100.590672,0,1,0,0
E37,canal/other,ประตูระบายน้ำคลองด่าน,สนน กทม.,ลุ่มน้ำเจ้าพระยา,13.670753,100.540187,0,1,0,0
E38,canal/other,สถานีสูบน้ำรัชดา-วิภาวดี,สนน กทม.,ลุ่มน้ำเจ้าพระยา,13.830326,100.557049,0,1,0,0
E39,canal/other,ประตูระบายน้ำคลองอรชร,สนน กทม.,ลุ่มน้ำเจ้าพระยา,13.745581,100.535746,0,1,0,0
E40,canal/other,สถานีวัดน้ำฝนอุทยานเบญจสิริ,สนน กทม.,ลุ่มน้ำเจ้าพระยา,13.729698,100.566193,0,1,0,0
E41,canal/other,สถานีวัดระดับน้ำ-น้ำฝน คลองเก้า ตอนวัดศรีสุขสถาพร,สนน กทม.,ลุ่มน้ำบางปะกง,13.920357,100.792277,0,1,0,0
E42,canal/other,สถานีวัดระดับน้ำ-น้ำฝน คลองสิบสอง ตอนถนนประชาสำราญ,สนน กทม.,ลุ่มน้ำบางปะกง,13.913649,100.862498,0,1,0,0
E43,canal/other,ประตูระบายน้ำคลองสิบสาม,สนน กทม.,ลุ่มน้ำบางปะกง,13.85874,100.867785,0,1,0,0
E44,canal/other,สถานีวัดระดับน้ำ-น้ำฝน คลองแสนแสบ ตอนวัดทรัพย์สโมสรนิกรเกษม,สนน กทม.,ลุ่มน้ำบางปะกง,13.851539,100.803616,0,1,0,0
E45,canal/other,ประตูระบายน้ำคลองหลวงแพ่ง,สนน กทม.,ลุ่มน้ำบางปะกง,13.8134,100.937311,0,1,0,0
E46,canal/other,สถานีวัดระดับน้ำ-น้ำฝน คลองบึงใหญ่ ตอนวัดทองสัมฤทธิ์,สนน กทม.,ลุ่มน้ำบางปะกง,13.800468,100.788297,0,1,0,0
E47,canal/other,สถานีวัดระดับน้ำ-น้ำฝน คลองลำผักชี ตอนโรงเรียนลำผักชี,สนน กทม.,ลุ่มน้ำบางปะกง,13.792141,100.835239,0,1,0,0
E48,canal/other,สถานีวัดระดับน้ำ-น้ำฝน คลองประเวศบุรีรมย์ ตอนสำนักงานเขตลาดกระบัง,สนน กทม.,ลุ่มน้ำบางปะกง,13.723873,100.783998,0,1,0,0
E49,canal/other,สถานีวัดระดับน้ำ-น้ำฝน คลองประเวศบุรีรมย์ ตอนถนนร่วมพัฒนา,สนน กทม.,ลุ่มน้ำบางปะกง,13.701057,100.850845,0,1,0,0
E50,canal/other,สถานีบึงหนองบอน,สนน กทม.,ลุ่มน้ำเจ้าพระยา,13.695232,100.653576,0,1,0,0
ER013,canal/other,,,,,,0,0,0,1
ER023,canal/other,ปตร.พระนารายณ์,ชป.,ลุ่มน้ำป่าสัก,14.558474,100.761853,0,1,0,0
ER046,canal/other,,,,,,0,0,0,1
ER059,canal/other,,,,,,0,0,0,1
ER083,canal/other,,,,,,0,0,0,1
ER085,canal/other,,,,,,0,0,0,1
ER086,canal/other,,,,,,0,0,0,1
FIMN,canal/other,อบต.ป่าคา,สสน.,ลุ่มน้ำน่าน,19.070436,100.807106,0,1,0,0
FOP001,canal/other,ชุมชนบ้านร้องแง,พพภ,ลุ่มน้ำน่าน,19.174837,100.936386,0,1,0,0
FOP002,canal/other,รร.ภูคาวิทยาคม,พพภ,ลุ่มน้ำน่าน,19.228039,101.06262,0,1,0,0
FOP003,canal/other,อุทยานแห่งชาติดอยภูคา,พพภ,ลุ่มน้ำน่าน,19.20395,101.07764,0,1,0,0
FOP004,canal/other,รร.พนาสวรรค์,พพภ,ลุ่มน้ำน่าน,19.1798,101.04178,0,1,0,0
FOP005,canal/other,ลำน้ำขว้าง (ฝายจ้าว),พพภ,ลุ่มน้ำน่าน,19.180208,100.95907,0,1,0,0
FOP006,canal/other,จุดชมวิว 1715,พพภ,ลุ่มน้ำน่าน,19.174852,101.10615,0,1,0,0
FOP007,canal/other,บ้านผาเวียง,พพภ,ลุ่มน้ำน่าน,19.159258,101.02896,0,1,0,0
FOP008,canal/other,ลำน้ำกูน,พพภ,ลุ่มน้ำน่าน,19.148926,100.94644,1,1,0,0
FOP009,canal/other,รร.บ้านปางยาง,พพภ,ลุ่มน้ำน่าน,19.1356,100.9964,0,1,0,0
FOP010,canal/other,อ่างเก็บน้ำห้วยยาง,พพภ,ลุ่มน้ำน่าน,18.94491,100.95525,0,1,0,0
FOP011,canal/other,สะพานน้ำมวบ (บ้านภูแยง),พพภ,ลุ่มน้ำน่าน,18.924017,100.92668,1,1,0,0
FOP012,canal/other,รร.บ้านปางช้าง,พพภ,ลุ่มน้ำน่าน,18.89351,101.02293,0,1,0,0
FOP013,canal/other,บ้านตอง,พพภ,ลุ่มน้ำน่าน,18.846567,101.028946,1,1,0,0
FOP014,canal/other,สะพานลำน้ำยาม,พพภ,ลุ่มน้ำโขงตะวันออกเฉียงเหนือ,17.594904,103.969406,1,0,0,0
FOP015,canal/other,ลำน้ำกวงสะพานศรีดอนชัย,พพภ,ลุ่มน้ำปิง,18.653353,99.06447,1,1,0,0
FOP016,canal/other,ลำน้ำสานบ้านทุ่งยาวเหนือ,พพภ,ลุ่มน้ำปิง,18.511826,99.07731,1,1,0,0
FOP017,canal/other,บ้านหนองแดง,พพภ,ลุ่มน้ำปิง,19.131092,98.31795,0,1,0,0
FOP018,canal/other,บ้านขุนแม่ละอุปหมู่ที่ 3,พพภ,ลุ่มน้ำปิง,19.040228,98.20028,0,1,0,0
FOP019,canal/other,คลองสรอย วัดแม่ขมวก,พพภ,ลุ่มน้ำยม,17.775057,99.46933,1,1,0,0
FOP020,canal/other,โรงพยาบาลส่งเสริมสุขภาพตำบลบ้านผามูบ,พพภ,ลุ่มน้ำน่าน,17.72146,100.01803,0,1,0,0
FOP021,canal/other,น้ำตกแม่พูล,พพภ,ลุ่มน้ำน่าน,17.72906,99.97804,0,1,0,0
FOP022,canal/other,สะพานวัดมงคลร่วมใจ (บ้านวังสาร),พพภ,ลุ่มน้ำน่าน,16.670555,100.32789,1,1,0,0
FOP025,canal/other,สะพานบางไตประชาบริรักษ์,พพภ,ลุ่มน้ำภาคใต้ฝั่งตะวันออกตอนบน,9.282515,98.87693,1,1,0,0
FOP026,canal/other,สะพานคลองพาย,พพภ,ลุ่มน้ำภาคใต้ฝั่งตะวันออกตอนบน,9.155624,98.895035,1,1,0,0
FOP027,canal/other,พิพิธภัณฑ์ธรรมชาติจัดการน้ำชุมชนฯ บ้านปากซวด,พพภ,ลุ่มน้ำภาคใต้ฝั่งตะวันออกตอนบน,8.900032,98.80356,0,1,0,0
FOP028,canal/other,สะพานทางเข้าชุมชนบ้านปากซวด,พพภ,ลุ่มน้ำภาคใต้ฝั่งตะวันออกตอนบน,8.889655,98.82028,1,1,0,0
FOP029,canal/other,สะพานบ้านสวนปราง,พพภ,ลุ่มน้ำภาคใต้ฝั่งตะวันออกตอนบน,9.021284,99.633125,1,1,0,0
FOP030,canal/other,สะพานข้ามคลองหวาด,พพภ,ลุ่มน้ำภาคใต้ฝั่งตะวันออกตอนบน,8.935923,99.60879,1,1,0,0
FOP031,canal/other,น้ำตกปลิว,พพภ,ลุ่มน้ำภาคใต้ฝั่งตะวันตก,8.16269,99.75916,0,1,0,0
FOP032,canal/other,ไร่ วงศ์ ทอง เมฆ ดี,พพภ,ลุ่มน้ำภาคใต้ฝั่งตะวันตก,8.090253,99.73887,0,1,0,0
FOP033,canal/other,ที่ทำการอุทยานแห่งชาติน้ำตกโยง,พพภ,ลุ่มน้ำภาคใต้ฝั่งตะวันตก,8.172421,99.74128,0,1,0,0
FOP034,canal/other,ฝายคลองเปิก,พพภ,ลุ่มน้ำภาคใต้ฝั่งตะวันตก,8.193899,99.73481,0,1,0,0
FOP035,canal/other,สะพานข้ามคลองวังเคียน,พพภ,ลุ่มน้ำภาคใต้ฝั่งตะวันออกตอนบน,7.954553,99.896324,1,1,0,0
FOP036,canal/other,สะพานห้วยน้ำใส,พพภ,ลุ่มน้ำภาคใต้ฝั่งตะวันออกตอนบน,7.889575,99.87421,1,1,0,0
FOP037,canal/other,สะพานข้ามคลองห้วยกรวด,พพภ,ลุ่มน้ำทะเลสาบสงขลา,7.8768,99.93328,1,1,0,0
FOP038,canal/other,สะพานบ้านแหลมโตนด,พพภ,ลุ่มน้ำทะเลสาบสงขลา,7.817578,100.047485,1,1,0,0
FOP039,canal/other,สะพานท่าสำเภา,พพภ,ลุ่มน้ำทะเลสาบสงขลา,7.729605,100.10799,1,1,0,0
FOP040,canal/other,คลองกาแลกูโบ หมู่ที่ 1,พพภ,ลุ่มน้ำภาคใต้ฝั่งตะวันออกตอนล่าง,6.738525,101.25218,0,1,0,0
FOP041,canal/other,คลองสุหงาบารู หมู่ที่ 4,พพภ,ลุ่มน้ำภาคใต้ฝั่งตะวันออกตอนล่าง,6.737094,101.27308,1,1,0,0
FOP042,canal/other,อบต. ตาชี,พพภ,ลุ่มน้ำภาคใต้ฝั่งตะวันออกตอนล่าง,6.555156,101.10632,0,1,0,0
FOP043,canal/other,คลองปะแต,พพภ,ลุ่มน้ำภาคใต้ฝั่งตะวันออกตอนล่าง,6.412787,101.13891,0,1,0,0
FOP044,canal/other,ทต. ปะแต,พพภ,ลุ่มน้ำภาคใต้ฝั่งตะวันออกตอนล่าง,6.41402,101.13616,0,1,0,0
FOP045,canal/other,สะพานข้ามแม่น้ำปัตตานี,พพภ,ลุ่มน้ำภาคใต้ฝั่งตะวันออกตอนล่าง,6.411704,101.27776,1,1,0,0
FOP046,canal/other,ศูนย์เรียนรู้ชุมชนบ้านนาซัว หมู่ที่ 2,พพภ,ลุ่มน้ำภาคใต้ฝั่งตะวันออกตอนล่าง,6.272022,101.15671,0,1,0,0
FOP047,canal/other,โรงเรียนนิคมสร้างตนเองพัฒนาภาคใต้ 1,พพภ,ลุ่มน้ำภาคใต้ฝั่งตะวันออกตอนล่าง,6.312516,101.361046,0,1,0,0
FOP048,canal/other,ทะเลหมอก อัยเยอร์เวง,พพภ,ลุ่มน้ำภาคใต้ฝั่งตะวันออกตอนล่าง,5.998522,101.176605,0,1,0,0
FOP049,canal/other,หมู่บ้านปิยะมิตร 3,พพภ,ลุ่มน้ำภาคใต้ฝั่งตะวันออกตอนล่าง,5.934258,101.10874,0,1,0,0
FOP050,canal/other,รร.กองม่องทะ สาขาไล่โว่,พพภ,ลุ่มน้ำแม่กลอง,15.30931,98.50981,0,1,0,0
FOP051,canal/other,รร.กองม่องทะ สาขาสะละวะ,พพภ,ลุ่มน้ำแม่กลอง,15.344161,98.52554,0,1,0,0
FOP052,canal/other,ห้วยแม่แจ่ม,พพภ,ลุ่มน้ำปิง,19.073114,98.30675,1,1,0,0
FOP053,canal/other,ชุมชนแม่แดด,พพภ,ลุ่มน้ำปิง,18.962732,98.412445,0,1,0,0
FOP054,canal/other,สะพานแม่น้ำลาว,พพภ,ลุ่มน้ำโขงเหนือ,19.108244,99.45519,1,0,0,0
FOP055,canal/other,คลองกั้ง,พพภ,ลุ่มน้ำน่าน,17.71633,100.124115,1,1,0,0
FOP056,canal/other,คลองจอมแจ้ง,พพภ,ลุ่มน้ำน่าน,17.702343,100.02168,0,1,0,0
FOP057,canal/other,บ้านประดู่,พพภ,ลุ่มน้ำภาคใต้ฝั่งตะวันตก,8.212035,99.703316,1,1,0,0
FOP058,canal/other,บ้านใต้,พพภ,ลุ่มน้ำภาคใต้ฝั่งตะวันตก,8.178368,99.70351,1,1,0,0
FOP059,canal/other,ชุมชนตำบลคลองสระ (น้ำตกภูริน),พพภ,ลุ่มน้ำภาคใต้ฝั่งตะวันออกตอนบน,8.993955,99.65859,0,1,0,0
FOP060,canal/other,ชุมชนตำบลเกาะขันธ์ (บ้านน้ำตก),พพภ,ลุ่มน้ำภาคใต้ฝั่งตะวันออกตอนบน,7.963767,99.7776,0,1,0,0
FOP061,canal/other,บ้านคลองวาย หมู่ที่ 7,พพภ,ลุ่มน้ำภาคใต้ฝั่งตะวันออกตอนบน,9.368512,98.867485,1,1,0,0
FOP062,canal/other,บ้านคลองใส หมู่ที่ 8,พพภ,ลุ่มน้ำภาคใต้ฝั่งตะวันออกตอนบน,9.314687,98.889885,1,1,0,0
FOP063,canal/other,บ้านคลองมุย หมู่ที่ 13,พพภ,ลุ่มน้ำภาคใต้ฝั่งตะวันออกตอนบน,9.252886,98.85421,1,1,0,0
FOP064,canal/other,สะพานข้ามห้วยแม่รวม บ้านแม่รวม,พพภ,ลุ่มน้ำปิง,18.919376,98.20057,1,1,0,0
FOP065,canal/other,สะพานข้ามแม่น้ำลาว-บ้านป่าสัก,พพภ,ลุ่มน้ำโขงเหนือ,19.301765,99.51751,1,0,0,0
FOP066,canal/other,สะพานช้ามแม่น้ำลาว - บ้านโฮ่ง ,พพภ,ลุ่มน้ำโขงเหนือ,19.173138,99.50559,1,0,0,0
FOP068,canal/other,จุดชมวิวเขา ต. เต่า อุทยานแห่งชาติเขาสก,พพภ,ลุ่มน้ำภาคใต้ฝั่งตะวันออกตอนบน,8.941284,98.79402,0,1,0,0
FOP069,canal/other,โรงเรียน ตชด.บ้านส้านักเอาะ,พพภ,ลุ่มน้ำทะเลสาบสงขลา,6.483326,100.779366,0,1,0,0
FOP070,canal/other,รพ.สต.น้ำเชี่ยว,พพภ,ลุ่มน้ำทะเลสาบสงขลา,6.48154,100.82659,0,1,0,0
FOP071,canal/other,สะพานข้ามคลองสอวอ บ้านสามซอย,พพภ,ลุ่มน้ำภาคใต้ฝั่งตะวันออกตอนล่าง,5.887212,101.69571,0,1,0,0
FOP072,canal/other,ฝายคลองท่าโลน,พพภ,ลุ่มน้ำภาคใต้ฝั่งตะวันตก,8.218343,99.71981,1,0,0,0
FROC01,canal/other,ฟิวเจอร์ฯรังสิต,สสน.,ลุ่มน้ำเจ้าพระยา,13.986156,100.62624,0,1,1,1
FROC02,canal/other,ท้ายไซฟอน ปตร.พระธรรมราชา,สสน.,ลุ่มน้ำเจ้าพระยา,14.076805,100.89407,0,1,1,1
G.10,canal/other,บ้านหนองผำ,ชป.,ลุ่มน้ำโขงเหนือ,19.71244,99.620811,1,0,0,0
G.11,canal/other,บ้านดอนสลี,ชป.,ลุ่มน้ำโขงเหนือ,19.622379,99.476936,1,0,0,0
G.9,canal/other,บ้านกระเหรี่ยงทุ่งพร้าว,ชป.,ลุ่มน้ำโขงเหนือ,19.745991,99.500763,1,0,0,0
GALU,canal/other,อบต.กลัดหลวง,สสน.,ลุ่มน้ำเพชรบุรี-ประจวบคีรีขันธ์,12.817696,99.77156,0,1,0,0
GLF001,canal/other,ป้อมพระจุลจอมเกล้า,สสน.,ลุ่มน้ำเจ้าพระยา,13.573774,100.57399,0,1,1,1
GLF002,canal/other,ปากแม่น้ำท่าจีน,สสน.,ลุ่มน้ำท่าจีน,13.5178,100.27499,0,1,1,0
GLF003,canal/other,บางตะบูนและบางตะบูนออก,สสน.,ลุ่มน้ำเพชรบุรี-ประจวบคีรีขันธ์,13.26553,99.9418,1,1,0,0
GOT001,canal/other,สถานีวิจัยประมงศรีราชา,สสน.,ลุ่มน้ำชายฝั่งทะเลตะวันออก,13.185876,100.916916,0,1,0,0
Gt.10,canal/other,บ้านหนองหญ้าปล้อง,ชป.,ลุ่มน้ำเพชรบุรี-ประจวบคีรีขันธ์,11.40416,99.519218,1,0,0,0
Gt.11,canal/other,บ้านช้างแรก,ชป.,ลุ่มน้ำเพชรบุรี-ประจวบคีรีขันธ์,11.06431,99.372253,1,0,0,0
Gt.20,canal/other,สะพานรถยนต์ ร.ร.อนุบาลบางสะพาน,ชป.,ลุ่มน้ำเพชรบุรี-ประจวบคีรีขันธ์,11.20557,99.508499,1,0,0,0
Gt.9,canal/other,บ้านกลาง,ชป.,ลุ่มน้ำเพชรบุรี-ประจวบคีรีขันธ์,11.49674,99.602303,1,0,0,0
HCTT,canal/other,อบต.หนองหล่ม,สสน.,ลุ่มน้ำวัง,18.33624,99.39992,0,1,0,0
HDA001,canal/other,ปตร.หันตรา,สสน.,ลุ่มน้ำป่าสัก,14.37456,100.58441,0,1,0,0
HDA002,canal/other,ปตร.กระมัง (ปากคลองข้าวเม่า),สสน.,ลุ่มน้ำเจ้าพระยา,14.355055,100.58354,0,1,0,0
HDA003,canal/other,ปตร.กลางคลองข้าวเม่า (วัดกระสังข์),สสน.,ลุ่มน้ำเจ้าพระยา,14.357306,100.60569,0,1,0,0
HDA004,canal/other,คลองช่องสะเดา,สสน.,ลุ่มน้ำเจ้าพระยา,14.344762,100.670105,1,1,0,0
HDA005,canal/other,วัดขนอนใต้,สสน.,ลุ่มน้ำเจ้าพระยา,14.288251,100.61132,1,1,0,0
HDA006,canal/other,สะพานอนุสรณ์ 100 ปีสิงห์บุรี (สะพานหลวงพ่อแพ 89),สสน.,ลุ่มน้ำเจ้าพระยา,14.870205,100.408585,1,0,0,0
HDA007,canal/other,สะพานค่ายบางระจัน,สสน.,ลุ่มน้ำเจ้าพระยา,14.815288,100.36448,1,0,0,0
HDA008,canal/other,สะพานคลองส่งน้ำชลประทาน บ้านตลาดใหม่,สสน.,ลุ่มน้ำเจ้าพระยา,14.553573,100.316765,1,0,0,0
HDA009,canal/other,สะพานป่าโมก,สสน.,ลุ่มน้ำเจ้าพระยา,14.498074,100.44962,1,0,0,0
HDA011,canal/other,สะพานคลองส่งน้ำชลประทาน บ้านสร่างโศก,สสน.,ลุ่มน้ำป่าสัก,14.650794,100.742775,1,0,0,0
HDA012,canal/other,สะพานแมน้ำปาสัก บ้านนาโฉง,สสน.,ลุ่มน้ำป่าสัก,14.546983,100.88976,1,0,0,0
HHMV,canal/other,อบต.ทับใต้,สสน.,ลุ่มน้ำเพชรบุรี-ประจวบคีรีขันธ์,12.49032,99.90437,0,1,0,0
HHN002,canal/other,คลองพระราชดำริ ซอยหัวหิน 10,สสน.,ลุ่มน้ำเพชรบุรี-ประจวบคีรีขันธ์,12.6096,99.9453,1,0,0,0
HHN003,canal/other,คลองพระราชดำริ วัดเขาไกรลาศ,สสน.,ลุ่มน้ำเพชรบุรี-ประจวบคีรีขันธ์,12.5175,99.97219,1,0,0,0
HIKT,canal/other,อบต.ห้วยคต,สสน.,ลุ่มน้ำท่าจีน,15.30362,99.60969,0,1,0,0
HJRN1,canal/other,อบต.หงษ์เจริญ,สสน.,ลุ่มน้ำภาคใต้ฝั่งตะวันออกตอนบน,10.77972,99.19108,0,1,0,0
HKTG,canal/other,อบต.ศรีมงคล,สสน.,ลุ่มน้ำแม่กลอง,14.02271,99.19147,0,1,0,0
HNCG,canal/other,ทต.ปากน้ำ,สสน.,ลุ่มน้ำภาคใต้ฝั่งตะวันตก,9.94654,98.5952,0,1,0,0
HNKA,canal/other,ทต.หันคา,สสน.,ลุ่มน้ำท่าจีน,14.96964,100.01039,0,1,0,0
HNRE,canal/other,อบต.ท่ากระดาน,สสน.,ลุ่มน้ำบางปะกง,13.669273,101.5921,0,1,0,0
HOTT,canal/other,อบต.หางดง,สสน.,ลุ่มน้ำปิง,18.16197,98.60857,0,1,0,0
HTTM,canal/other,อบต.ไม้รูด,สสน.,ลุ่มน้ำชายฝั่งทะเลตะวันออก,11.92743,102.77907,0,1,0,0
HUKT,canal/other,ทต.สรรพยา,สสน.,ลุ่มน้ำเจ้าพระยา,15.13217,100.25129,0,1,0,0
HYOD,canal/other,ทต.ห้วยยอด,สสน.,ลุ่มน้ำภาคใต้ฝั่งตะวันตก,7.78926,99.63351,0,1,0,0
I.17,canal/other,บ้านเจดีย์งาม,ชป.,ลุ่มน้ำโขงเหนือ,19.16588,99.934341,1,0,0,0
JBLG,canal/other,ทต.เจ๊ะบิลัง,สสน.,ลุ่มน้ำภาคใต้ฝั่งตะวันตก,6.65726,99.97032,0,1,0,0
JNA001,canal/other,จะนะ,สสน.,ลุ่มน้ำทะเลสาบสงขลา,6.916742,100.72962,1,1,0,0
JNA002,canal/other,นาทวี,สสน.,ลุ่มน้ำทะเลสาบสงขลา,6.738124,100.69319,1,1,0,0
KABG,canal/other,อบต.กาบัง,สสน.,ลุ่มน้ำทะเลสาบสงขลา,6.48018,100.98265,0,1,0,0
KAKG,canal/other,อบต.ปากฉลุย,สสน.,ลุ่มน้ำภาคใต้ฝั่งตะวันออกตอนบน,9.30059,99.02602,0,1,0,0
KAOP,canal/other,อบต.เขาพระ,สสน.,ลุ่มน้ำทะเลสาบสงขลา,7.07915,100.19008,0,1,0,0
KCWF,canal/other,ทต.สวนผึ้ง,สสน.,ลุ่มน้ำแม่กลอง,13.54491,99.33833,0,1,0,0
KGKG,canal/other,อบต.คลองขลุง,สสน.,ลุ่มน้ำปิง,16.20864,99.70895,0,1,0,0
KGLN,canal/other,ทต.คลองลานพัฒนา,สสน.,ลุ่มน้ำปิง,16.12253,99.32932,0,1,0,0
KGTP,canal/other,ทต.คุ้งตะเภา,สสน.,ลุ่มน้ำน่าน,17.62533,100.12366,0,1,0,0
KHCP,canal/other,ทต.เขาขวาง,สสน.,ลุ่มน้ำแม่กลอง,13.71494,99.77253,0,1,0,0
KHDM,canal/other,อบต.เขาค่าย,สสน.,ลุ่มน้ำภาคใต้ฝั่งตะวันออกตอนบน,10.12198,98.89594,0,1,0,0
KHHM,canal/other,อบต.เทพนิมิต,สสน.,ลุ่มน้ำโตนเลสาบ,13.04028,102.44956,0,1,0,0
KHNI,canal/other,อบต.บ้านเสด็จ,สสน.,ลุ่มน้ำภาคใต้ฝั่งตะวันออกตอนบน,8.76356,99.06461,0,1,0,0
KHPB,canal/other,อบจ.เพชรบูรณ์,สสน.,ลุ่มน้ำป่าสัก,16.44121,101.14906,0,1,0,0
KIZ003,canal/other,คลองห้วยยาง,สสน.,ลุ่มน้ำบางปะกง,14.136408,101.857475,1,0,0,0
KKAO,canal/other,อบต.พะแสง,สสน.,ลุ่มน้ำภาคใต้ฝั่งตะวันออกตอนบน,8.941192,98.861664,0,1,0,0
KKCN,canal/other,อบต.สองพี่น้อง,สสน.,ลุ่มน้ำเพชรบุรี-ประจวบคีรีขันธ์,12.87273,99.6842,0,1,0,0
KKHA,canal/other,อบต.เทพราช,สสน.,ลุ่มน้ำภาคใต้ฝั่งตะวันออกตอนบน,8.858059,99.863594,0,1,0,0
KKLR,canal/other,ทต.กงไกรลาศ,สสน.,ลุ่มน้ำยม,16.931343,99.96304,0,1,0,0
KKPA,canal/other,ทต.โกรกพระ,สสน.,ลุ่มน้ำเจ้าพระยา,15.55312,100.0709,0,1,0,0
KKPO,canal/other,ทต.โคกโพธิ์,สสน.,ลุ่มน้ำภาคใต้ฝั่งตะวันออกตอนล่าง,6.72936,101.09681,0,1,0,0
KKTO,canal/other,ทต.ลำปางหลวง,สสน.,ลุ่มน้ำวัง,18.23036,99.39129,0,1,0,0
KKWF,canal/other,อบต.ปังเผล,สสน.,ลุ่มน้ำแม่กลอง,14.953066,98.61828,0,1,0,0
KMSI,canal/other,อบต.กะลาเส,สสน.,ลุ่มน้ำภาคใต้ฝั่งตะวันตก,7.70389,99.31807,0,1,0,0
KNWR,canal/other,ทต.ขาณุวรลักษณ์บุรี,สสน.,ลุ่มน้ำปิง,16.073233,99.8566,0,1,0,0
KOKN,canal/other,อบต.โคคลาน,สสน.,ลุ่มน้ำโตนเลสาบ,13.99106,102.65064,0,1,0,0
KOKO,canal/other,อบต.ทุ่งสมอ,สสน.,ลุ่มน้ำน่าน,16.70502,101.04407,0,1,0,0
KOLO,canal/other,ทต.เก้าเลี้ยว,สสน.,ลุ่มน้ำปิง,15.8603,100.09177,0,1,0,0
KON001,canal/other,วังสะพุง,สสน.,ลุ่มน้ำโขงตะวันออกเฉียงเหนือ,17.312359,101.7726,1,0,0,0
KON002,canal/other,เมืองเลย,สสน.,ลุ่มน้ำโขงตะวันออกเฉียงเหนือ,17.509344,101.73663,1,0,0,0
KON003,canal/other,สุวรรณคูหา,สสน.,ลุ่มน้ำโขงตะวันออกเฉียงเหนือ,17.57572,102.273346,1,0,0,0
KON004,canal/other,เมืองอุดรธานี,สสน.,ลุ่มน้ำโขงตะวันออกเฉียงเหนือ,17.482368,102.79713,1,0,0,0
KOSB,canal/other,รพสต.ท่าข้าม,สสน.,ลุ่มน้ำโตนเลสาบ,13.62763,102.57487,0,1,0,0
KOSK,canal/other,อบต.คลองศก,สสน.,ลุ่มน้ำภาคใต้ฝั่งตะวันออกตอนบน,8.89049,98.66134,0,1,0,0
KOSR,canal/other,อบต.เกาะสำโรง,สสน.,ลุ่มน้ำแม่กลอง,13.94239,99.49628,0,1,0,0
KPNT,canal/other,เขาพะเนินทุ่ง,สสน.,ลุ่มน้ำเพชรบุรี-ประจวบคีรีขันธ์,12.8253,99.3655,0,1,0,0
KPPT,canal/other,อบจ.กำแพงเพชร,สสน.,ลุ่มน้ำปิง,16.41086,99.52195,0,1,0,0
KRKM,canal/other,อบต.บางปิด,สสน.,ลุ่มน้ำชายฝั่งทะเลตะวันออก,12.21718,102.30766,0,1,0,0
KRMT,canal/other,ทต.บ้านโตนด,สสน.,ลุ่มน้ำยม,16.83377,99.80269,0,1,0,0
KRN001,canal/other,เมืองกาญจนบุรี,สสน.,ลุ่มน้ำแม่กลอง,14.06047,99.48325,1,1,0,0
KRN002,canal/other,ไทรโยค,สสน.,ลุ่มน้ำแม่กลอง,14.11265,99.14635,1,1,0,0
KRN003,canal/other,วังด้ง,สสน.,ลุ่มน้ำแม่กลอง,14.13691,99.38306,0,1,0,0
KRN004,canal/other,ลิ่นถิ่น,สสน.,ลุ่มน้ำแม่กลอง,14.53559,98.78764,1,1,0,0
KRSN,canal/other,วัดเชิงแสใต้,สสน.,ลุ่มน้ำทะเลสาบสงขลา,7.631115,100.333626,0,1,0,0
KSKP,canal/other,อบต.กำแพงแสน,สสน.,ลุ่มน้ำท่าจีน,14.00326,99.98091,0,1,0,0
KSNG,canal/other,อบต.ขุนซ่อง,สสน.,ลุ่มน้ำชายฝั่งทะเลตะวันออก,13.074,101.937584,0,1,0,0
KSOD,canal/other,อบต.คลองพา,สสน.,ลุ่มน้ำภาคใต้ฝั่งตะวันออกตอนบน,9.592434,99.11959,0,1,0,0
KTKB,canal/other,อบจ.ตาก,สสน.,ลุ่มน้ำปิง,16.87779,99.13964,0,1,0,0
KTLE,canal/other,อบต.ขุนทะเล,สสน.,ลุ่มน้ำภาคใต้ฝั่งตะวันออกตอนบน,8.33883,99.8521,0,1,0,0
KTUM,canal/other,อบต.เขาตูม,สสน.,ลุ่มน้ำภาคใต้ฝั่งตะวันออกตอนล่าง,6.619128,101.30672,0,1,0,0
KUAM,canal/other,อบต.สบแม่ข่า,สสน.,ลุ่มน้ำปิง,18.67794,98.9771,0,1,0,0
KUBR,canal/other,ทต.กุยบุรี,สสน.,ลุ่มน้ำเพชรบุรี-ประจวบคีรีขันธ์,12.07006,99.8673,0,1,0,0
KYKT,canal/other,ทต.เจดีย์,สสน.,ลุ่มน้ำท่าจีน,14.38422,99.96114,0,1,0,0
Kgt.1,canal/other,สะพานณรงค์ดำริ,ชป.,ลุ่มน้ำบางปะกง,14.05144,101.367378,1,0,0,0
Kgt.12A,canal/other,บ้านแก้ง,ชป.,ลุ่มน้ำบางปะกง,13.93635,101.972321,1,0,0,0
Kgt.13A,canal/other,บ้านโนนสุขภูมิ,ชป.,ลุ่มน้ำบางปะกง,13.91009,101.838211,1,0,0,0
Kgt.14A,canal/other,บ้านทุ่งแฝก,ชป.,ลุ่มน้ำบางปะกง,14.16131,101.883057,1,0,0,0
Kgt.15B,canal/other,บ้านแก่งดินสอ,ชป.,ลุ่มน้ำบางปะกง,14.06587,101.922638,1,0,0,0
Kgt.19A,canal/other,บ้านท่าบุญมี,ชป.,ลุ่มน้ำบางปะกง,13.40472,101.281776,1,0,0,0
Kgt.34,canal/other,บ้านชะอม,ชป.,ลุ่มน้ำบางปะกง,14.10461,101.744179,1,0,0,0
Kgt.43A,canal/other,บ้านนาแขม,ชป.,ลุ่มน้ำบางปะกง,14.02174,101.750664,1,0,0,0
Kgt.6,canal/other,บ้านทาม,ชป.,ลุ่มน้ำบางปะกง,13.97341,101.517448,1,0,0,0
Kgt.9,canal/other,บ้านเขาฉกรรจ์,ชป.,ลุ่มน้ำบางปะกง,13.66804,102.0756,1,0,0,0
Kh.103,canal/other,บ้านโนนตูม,ชป.,ลุ่มน้ำโขงตะวันออกเฉียงเหนือ,17.482571,102.797394,1,0,0,0
Kh.28A,canal/other,บ้านนาหลัก,ชป.,ลุ่มน้ำโขงตะวันออกเฉียงเหนือ,17.31229,101.772461,1,0,0,0
Kh.53,canal/other,บ้านหนองวัวซอ,ชป.,ลุ่มน้ำโขงตะวันออกเฉียงเหนือ,17.2659,102.59243,1,0,0,0
Kh.61,canal/other,บ้านแก่งบง,ชป.,ลุ่มน้ำโขงตะวันออกเฉียงเหนือ,17.13114,101.679489,1,0,0,0
Kh.72,canal/other,บ้านแม่คำหลักเจ็ด,ชป.,ลุ่มน้ำโขงเหนือ,20.218361,99.856987,1,0,0,0
Kh.74,canal/other,บ้านท่าห้วยหลัว,ชป.,ลุ่มน้ำโขงตะวันออกเฉียงเหนือ,17.821621,103.386932,1,0,0,0
Kh.89,canal/other,บ้านหัวสะพาน,ชป.,ลุ่มน้ำโขงเหนือ,20.15753,99.859596,1,0,0,0
Kh.93,canal/other,บ้านโคกคำไหล,ชป.,ลุ่มน้ำโขงตะวันออกเฉียงเหนือ,17.557489,103.335228,1,0,0,0
Kh.98,canal/other,บ้านท่ากกแดง,ชป.,ลุ่มน้ำโขงตะวันออกเฉียงเหนือ,17.86562,103.774361,1,0,0,0
Kh.9A,canal/other,บ้านบึงศาลา,ชป.,ลุ่มน้ำโขงตะวันออกเฉียงเหนือ,17.1422,104.2901,1,0,0,0
Ky.3,canal/other,บ้านทุ่งแฝก,ชป.,ลุ่มน้ำเพชรบุรี-ประจวบคีรีขันธ์,12.09765,99.78846,1,0,0,0
L2B,canal/other,,,,,,0,0,1,0
LDD001,canal/other,บ้านหัวนาหนองจิก,สสน.,ลุ่มน้ำมูล,15.98427,103.14799,1,0,0,0
LDD002,canal/other,บ้านกำพี้ ,สสน.,ลุ่มน้ำมูล,15.95648,103.1543,1,0,0,0
LDD003,canal/other,บ้านน้ำผึ้ง,สสน.,ลุ่มน้ำมูล,15.95243,103.19807,1,0,0,0
LDD004,canal/other,บ้านกระยอม ,สสน.,ลุ่มน้ำมูล,15.82878,103.35448,1,0,0,0
LEEE,canal/other,ทต.วังดิน,สสน.,ลุ่มน้ำปิง,17.80203,98.94717,0,1,0,0
LGTI,canal/other,อบต.บ้านแหง,สสน.,ลุ่มน้ำยม,18.76331,100.00877,0,1,0,0
LK13,canal/other,บ้านน้อยสว่าง,สสน.,ลุ่มน้ำเจ้าพระยา,14.1652,100.77855,0,1,0,0
LKBU,canal/other,อบต.ลานกระบือ,สสน.,ลุ่มน้ำยม,16.61806,99.88005,0,1,0,0
LMKD,canal/other,อบต.คลองขนาน,สสน.,ลุ่มน้ำภาคใต้ฝั่งตะวันตก,8.005305,99.01388,0,1,0,0
LMKO,canal/other,อบต.หล่มเก่า,สสน.,ลุ่มน้ำป่าสัก,16.88067,101.23835,0,1,0,0
LMPN,canal/other,สวนสาธารณะกู่ช้าง ทต.ลำพูน,สสน.,ลุ่มน้ำปิง,18.58646,99.01955,0,1,0,0
LMSK,canal/other,ทต.ตาลเดี่ยว,สสน.,ลุ่มน้ำป่าสัก,16.77138,101.25364,0,1,0,0
LNR1,canal/other,อบต.ท่ามะนาว,สสน.,ลุ่มน้ำป่าสัก,15.19934,101.16389,0,1,0,0
LNSK,canal/other,อบต.ลานสัก,สสน.,ลุ่มน้ำสะแกกรัง,15.47279,99.53976,0,1,0,0
LPLE,canal/other,ทต.ศรีพนมมาศ,สสน.,ลุ่มน้ำน่าน,17.65456,100.03584,0,1,0,0
LTYO,canal/other,ศูนย์อปพร.อบต.ลาดยาว,สสน.,ลุ่มน้ำเจ้าพระยา,15.762861,99.74133,0,1,0,0
M.104,canal/other,บ้านวังปลัด,ชป.,ลุ่มน้ำมูล,15.43527,103.012627,1,0,0,0
M.11B,canal/other,บ้านโพธิ์ตาก,ชป.,ลุ่มน้ำมูล,15.24992,105.239243,1,0,0,0
M.145,canal/other,บ้านวังตะเคียนทอง,ชป.,ลุ่มน้ำมูล,14.49406,101.684914,1,0,0,0
M.157,canal/other,บ้านนิคม,ชป.,ลุ่มน้ำมูล,15.80624,104.32795,1,0,0,0
M.159,canal/other,บ้านหลุมดิน,ชป.,ลุ่มน้ำมูล,15.14119,103.429359,1,0,0,0
M.164,canal/other,ตำบลในเมือง,ชป.,ลุ่มน้ำมูล,14.98457,102.092941,1,0,0,0
M.170,canal/other,บ้านคำสำราญ,ชป.,ลุ่มน้ำมูล,14.79088,105.102768,1,0,0,0
M.171,canal/other,บ้านโนนสาวเอ้,ชป.,ลุ่มน้ำมูล,14.50134,101.768478,1,0,0,0
M.173,canal/other,บ้านโนนสะอาด,ชป.,ลุ่มน้ำมูล,14.74504,102.211777,1,0,0,0
M.174,canal/other,บ้านโนนสมบูรณ์,ชป.,ลุ่มน้ำมูล,15.51345,102.843826,1,0,0,0
M.176,canal/other,บ้านโนนสีไคล,ชป.,ลุ่มน้ำมูล,15.00636,104.633453,1,0,0,0
M.177,canal/other,บ้านลาดบัวขาว,ชป.,ลุ่มน้ำมูล,14.85019,101.616791,1,0,0,0
M.179A,canal/other,บ้านป่าก่อ,ชป.,ลุ่มน้ำมูล,15.50299,104.595444,1,0,0,0
M.180,canal/other,บ้านท่าเยี่ยม,ชป.,ลุ่มน้ำมูล,14.63599,101.884697,1,0,0,0
M.182,canal/other,บ้านสีถาน,ชป.,ลุ่มน้ำมูล,15.13208,104.488403,1,0,0,0
M.183B,canal/other,บ้านคลองหินลับ,ชป.,ลุ่มน้ำมูล,14.72852,101.564293,1,0,0,0
M.184,canal/other,บ้านซึม,ชป.,ลุ่มน้ำมูล,15.21996,102.428299,1,0,0,0
M.185A,canal/other,บ้านหินโคนเก่า,ชป.,ลุ่มน้ำมูล,15.02688,102.805687,1,0,0,0
M.187,canal/other,ศูนย์วิจัยและพัฒนาประมงน้ำจืดสุรินทร์,ชป.,ลุ่มน้ำมูล,14.85738,103.476936,1,0,0,0
M.188A,canal/other,บ้านบัว,ชป.,ลุ่มน้ำมูล,15.18159,102.242737,1,0,0,0
M.190,canal/other,บ้านเขวา,ชป.,ลุ่มน้ำมูล,15.01052,104.128448,1,0,0,0
M.191,canal/other,บ้านโคกกรวด,ชป.,ลุ่มน้ำมูล,14.93281,101.951889,1,0,0,0
M.192,canal/other,บ้านโนนค่า,ชป.,ลุ่มน้ำมูล,14.93225,101.867882,1,0,0,0
M.195,canal/other,บ้านสัมฤทธิ์,ชป.,ลุ่มน้ำมูล,15.20926,102.392952,1,0,0,0
M.199,canal/other,บ้านขนงพระเหนือ,ชป.,ลุ่มน้ำมูล,14.60611,101.472778,1,0,0,0
M.2A,canal/other,บ้านด่านกะตา,ชป.,ลุ่มน้ำมูล,14.96803,102.237831,1,0,0,0
M.32,canal/other,บ้านเชียงเพ็ง,ชป.,ลุ่มน้ำมูล,15.84008,104.455704,1,0,0,0
M.4,canal/other,บ้านพงสวาย,ชป.,ลุ่มน้ำมูล,15.32958,103.68261,1,0,0,0
M.43A,canal/other,บ้านท่ามะปรางค์,ชป.,ลุ่มน้ำมูล,14.51204,101.380348,1,0,0,0
M.5,canal/other,บ้านเมืองคง,ชป.,ลุ่มน้ำมูล,15.33969,104.15403,1,0,0,0
M.66,canal/other,บ้านวังชมภู,ชป.,ลุ่มน้ำมูล,14.64329,104.6595,1,0,0,0
M.69,canal/other,บ้านท่าบอแบง,ชป.,ลุ่มน้ำมูล,15.50421,104.966202,1,0,0,0
M.6A,canal/other,บ้านสตึก,ชป.,ลุ่มน้ำมูล,15.30003,103.292282,1,0,0,0
M.7,canal/other,สะพานเสรีประชาธิปไตย,ชป.,ลุ่มน้ำมูล,15.22263,104.859131,1,0,0,0
M.89,canal/other,สำนักเทคโนโลยีชีวภัณฑ์สัตว์,ชป.,ลุ่มน้ำมูล,14.69785,101.415154,1,0,0,0
M.9,canal/other,ชุมชนสะพานขาว,ชป.,ลุ่มน้ำมูล,15.11808,104.318642,1,0,0,0
M.95A,canal/other,บ้านดอนยาง,ชป.,ลุ่มน้ำมูล,15.57186,103.819847,1,0,0,0
MCRM,canal/other,รพสต.หมอเมือง,สสน.,ลุ่มน้ำน่าน,18.67822,100.9928,0,1,0,0
MDC001,canal/other,ตลาดเก่าตะกั่วป่า,สสน.,ลุ่มน้ำภาคใต้ฝั่งตะวันตก,8.829399,98.36931,1,1,0,0
MDC002,canal/other,เขาสก,สสน.,ลุ่มน้ำภาคใต้ฝั่งตะวันออกตอนบน,8.880866,98.85288,0,1,0,0
MDC004,canal/other,ป่าพะยอม,สสน.,ลุ่มน้ำทะเลสาบสงขลา,7.807019,99.84858,0,1,0,0
MDC005,canal/other,คลองนาท่อม,สสน.,ลุ่มน้ำทะเลสาบสงขลา,7.558824,99.98739,1,1,0,0
MDC006,canal/other,คลองท่าดี,สสน.,ลุ่มน้ำภาคใต้ฝั่งตะวันออกตอนบน,8.399734,99.83319,0,1,0,0
MDTG,canal/other,อบต.เขาล้าน,สสน.,ลุ่มน้ำเพชรบุรี-ประจวบคีรีขันธ์,11.52201,99.59756,0,1,0,0
MEPK,canal/other,อบต.แม่พริก,สสน.,ลุ่มน้ำวัง,17.45522,99.11864,0,1,0,0
MEWG,canal/other,อบต.บ้านกาด,สสน.,ลุ่มน้ำปิง,18.60389,98.79842,0,1,0,0
MITP01,canal/other,สะพานข้ามลำน้ำเชิญ (มิตรผลหนองเรือ),สสน.,ลุ่มน้ำชี,16.48883,102.41904,1,0,0,0
MKG005,canal/other,บ้านแพ้ว,สสน.,ลุ่มน้ำแม่กลอง,13.57563,100.07884,1,1,0,0
MKG006,canal/other,พระรามสอง,สสน.,ลุ่มน้ำแม่กลอง,13.38362,99.9836,1,1,0,0
MKKB,canal/other,รพสต.บ้านโคกอุดม,สสน.,ลุ่มน้ำบางปะกง,14.06948,101.80991,0,1,0,0
MKSND01,canal/other,เขื่อนท่าทุ่งนา,กฟผ.,ลุ่มน้ำแม่กลอง,14.233779,99.235022,1,0,0,0
MKSND02,canal/other,บ้านหนองบัว (K.35A),กฟผ.,ลุ่มน้ำแม่กลอง,14.06024,99.44414,1,0,0,0
MKSND03,canal/other,วัดไชยชุมพลชนะสงคราม (วัดใต้),กฟผ.,ลุ่มน้ำแม่กลอง,14.01615,99.53029,1,0,0,0
MKSND05,canal/other,วัดหนองปรือ,กฟผ.,ลุ่มน้ำแม่กลอง,14.609306,99.457694,1,0,0,0
MKSND06,canal/other,โรงเรียนบ้านทุ่งนานางหรอก,กฟผ.,ลุ่มน้ำแม่กลอง,14.17509,99.43382,1,0,0,0
MKSNU03,canal/other,หน่วยพิทักษ์ป่าเขาบันได,กฟผ.,ลุ่มน้ำแม่กลอง,15.27736,99.15219,1,0,0,0
MKWF,canal/other,ทต.บ้านหลวง,สสน.,ลุ่มน้ำปิง,18.490335,98.67418,0,1,0,0
MMMO,canal/other,ทต.แม่เมาะ,สสน.,ลุ่มน้ำวัง,18.27293,99.65159,0,1,0,0
MMNY,canal/other,อบต.นายายอาม,สสน.,ลุ่มน้ำชายฝั่งทะเลตะวันออก,12.77083,101.85303,0,1,0,0
MNDM,canal/other,เขื่อนแม่งัดสมบูรณ์ชล,สสน.,ลุ่มน้ำปิง,19.16175,99.03968,0,1,0,0
MNRM,canal/other,ทต.คุ้งสำเภา,สสน.,ลุ่มน้ำเจ้าพระยา,15.31006,100.08173,0,1,0,0
MOU001,canal/other,หน่วยศึกษาการพัฒนาการอนุรักษ์ต้นน้ำปิงส่วนที่ 2 จังหวัดเชียงใหม่,พพภ,ลุ่มน้ำปิง,18.875978,98.79428,0,1,0,0
MOU002,canal/other,หน่วยจัดการต้นน้ำและพัฒนาชุมชนในพื้นที่ป่าอนุรักษ์แม่สา,พพภ,ลุ่มน้ำปิง,18.900038,98.84829,0,1,0,0
MOU003,canal/other,หน่วยจัดการต้นน้ำและพัฒนาชุมชนในพื้นที่ป่าอนุรักษ์ห้วยป่าเลา,พพภ,ลุ่มน้ำปิง,18.836586,98.78661,0,1,0,0
MOU004,canal/other,ที่ทำการอุทยานแห่งชาติออบขาน,พพภ,ลุ่มน้ำปิง,18.72412,98.82089,0,1,0,0
MOU005,canal/other,หน่วยจัดการต้นน้ำและพัฒนาชุมชนในพื้นที่ป่าอนุรักษ์แม่ลาน,พพภ,ลุ่มน้ำปิง,18.773909,98.69296,0,1,0,0
MOU006,canal/other,หน่วยป้องกันรักษาป่าที่ ชม. ๑๓ (สันป่าตอง),พพภ,ลุ่มน้ำปิง,18.632383,98.70691,0,1,0,0
MOU007,canal/other,หน่วยจัดการต้นน้ำและพัฒนาชุมชนในพื้นที่ป่าอนุรักษ์แม่นาไทร,พพภ,ลุ่มน้ำปิง,18.794664,98.832344,0,1,0,0
MOU008,canal/other,หน่วยจัดการต้นน้ำและพัฒนาชุมชนในพื้นที่ป่าอนุรักษ์บ่อแก้ว,พพภ,ลุ่มน้ำปิง,18.86068,98.51469,0,1,0,0
MOU009,canal/other,สะพานน้ำแม่สา,พพภ,ลุ่มน้ำปิง,18.885838,98.826904,1,1,0,0
MOU010,canal/other,สะพานห้วยแม่ตาช้าง,พพภ,ลุ่มน้ำปิง,18.771976,98.862595,1,1,0,0
MOU015,canal/other,สะพานห้วยแม่สาว,พพภ,ลุ่มน้ำโขงเหนือ,20.014154,99.26691,1,0,0,0
MOU019,canal/other,หน่วยจัดการต้นน้ำและพัฒนาชุมชนในพื้นที่ป่าอนุรักษ์ดอยถ้วย,พพภ,ลุ่มน้ำปิง,19.692413,98.80144,0,1,0,0
MOU021,canal/other,สถานีพัฒนาการเกษตรที่สูง ฯ ภูพยัคฆ์,พพภ,ลุ่มน้ำน่าน,19.504732,101.213745,0,1,0,0
MOU023,canal/other,หน่วยจัดการต้นน้ำและพัฒนาชุมชนในพื้นที่ป่าอนุรักษ์ขุนน้ำพริก,พพภ,ลุ่มน้ำน่าน,19.457697,100.65635,0,1,0,0
MOU024,canal/other,หน่วยศึกษาการพัฒนาการอนุรักษ์ต้นน้ำน้ำม่าว,พพภ,ลุ่มน้ำยม,19.149557,100.2398,0,1,0,0
MOU025,canal/other,สะพานแม่น้ำน่าน บ้านเปียงก่อ,พพภ,ลุ่มน้ำน่าน,19.432049,101.15271,1,1,0,0
MOU026,canal/other,ที่ทำการอุทยานแห่งชาติถ้ำสะเกิน,พพภ,ลุ่มน้ำยม,19.383726,100.53885,0,1,0,0
MOU027,canal/other,สะพานน้ำยาว บ้านสองแคว,พพภ,ลุ่มน้ำน่าน,19.356688,100.706436,1,1,0,0
MOU028,canal/other,หน่วยจัดการต้นน้ำและพัฒนาชุมชนในพื้นที่ป่าอนุรักษ์ขุนน่าน,พพภ,ลุ่มน้ำน่าน,19.348192,101.1751,0,1,0,0
MOU029,canal/other,หน่วยพิทักษ์อุทยานแห่งชาติที่ ศล.๕ (แม่ระงอง),พพภ,ลุ่มน้ำปิง,19.32973,99.13403,0,1,0,0
MOU030,canal/other,หน่วยจัดการต้นน้ำและพัฒนาชุมชนในพื้นที่ป่าอนุรักษ์น้ำกอนฝั่งซ้าย,พพภ,ลุ่มน้ำน่าน,19.310799,101.01177,0,1,0,0
MOU031,canal/other,ที่ทำการเขตรักษาพันธุ์สัตว์ป่าดอยผาช้าง,พพภ,ลุ่มน้ำยม,19.30203,100.40965,0,1,0,0
MOU032,canal/other,สะพานน้ำกอน บ้านพญาแก้ว,พพภ,ลุ่มน้ำน่าน,19.286142,100.90128,1,1,0,0
MOU033,canal/other,สะพานแม่น้ำว้า บ้านบ่อหยวก,พพภ,ลุ่มน้ำน่าน,19.270344,101.178085,0,1,0,0
MOU034,canal/other,หน่วยจัดการต้นน้ำและพัฒนาชุมชนในพื้นที่ป่าอนุรักษ์ขุนว้า,พพภ,ลุ่มน้ำน่าน,19.236826,101.183914,0,1,0,0
MOU035,canal/other,สะพานน้ำขว้าง บ้านร้องแง,พพภ,ลุ่มน้ำน่าน,19.175901,100.92981,1,1,0,0
MOU036,canal/other,สถาบันนวัตกรรมด้านป่าไม้ จังหวัดแพร่,พพภ,ลุ่มน้ำยม,18.139538,100.13381,0,1,0,0
MOU037,canal/other,หน่วยศึกษาการพัฒนาการอนุรักษ์ต้นน้ำน้ำคาง (ดอยวาว),พพภ,ลุ่มน้ำน่าน,19.137968,100.64121,0,1,0,0
MOU038,canal/other,สะพานห้วยน้ำสาย,พพภ,ลุ่มน้ำน่าน,19.026337,100.73505,1,1,0,0
MOU039,canal/other,หน่วยจัดการต้นน้ำแม่หยอด,พพภ,ลุ่มน้ำปิง,18.831062,98.10256,0,1,0,0
MOU040,canal/other,ที่ทำการอุทยานแห่งชาติดอยภูนาง,พพภ,ลุ่มน้ำยม,18.856329,100.182236,0,1,0,0
MOU041,canal/other,ที่ทำการอุทยานแห่งชาติแจ้ซ้อน,พพภ,ลุ่มน้ำวัง,18.836481,99.47019,0,1,0,0
MOU042,canal/other,หน่วยจัดการต้นน้ำและพัฒนาชุมชนในพื้นที่ป่าอนุรักษ์แม่จริม,พพภ,ลุ่มน้ำน่าน,18.804192,101.03546,0,1,0,0
MOU043,canal/other,หน่วยพิทักษ์อุทยานแห่งชาติที่ มย.๖ (นาฝาย),พพภ,ลุ่มน้ำยม,18.777088,100.30112,0,1,0,0
MOU044,canal/other,หน่วยจัดการต้นน้ำและพัฒนาชุมชนในพื้นที่ป่าอนุรักษ์แม่ขะนิง,พพภ,ลุ่มน้ำน่าน,18.75281,100.54113,0,1,0,0
MOU045,canal/other,สะพานน้ำว้า บ้านน้ำว้า,พพภ,ลุ่มน้ำน่าน,18.643177,101.010826,1,1,0,0
MOU046,canal/other,ที่ทำการอุทยานแห่งชาติถ้ำผาไท,พพภ,ลุ่มน้ำยม,18.603598,99.900635,0,1,0,0
MOU047,canal/other,หน่วยพิทักษ์อุทยานแห่งชาติที่ มร. ๑ (ห้วยเต่า),พพภ,ลุ่มน้ำน่าน,18.58667,101.06919,0,1,0,0
MOU048,canal/other,สะพานห้วยแม่ถาบ้านปาหุ่ง,พพภ,ลุ่มน้ำน่าน,18.584373,100.50956,1,1,0,0
MOU050,canal/other,หน่วยจัดการต้นน้ำและพัฒนาชุมชนในพื้นที่ป่าอนุรักษ์แม่กลาง,พพภ,ลุ่มน้ำปิง,18.533205,98.52239,0,1,0,0
MOU051,canal/other,หน่วยจัดการต้นน้ำและพัฒนาชุมชนในพื้นที่ป่าอนุรักษ์แม่ถา,พพภ,ลุ่มน้ำน่าน,18.516405,100.40301,0,1,0,0
MOU052,canal/other,ที่ทำการอุทยานแห่งชาติดอยขุนตาล,พพภ,ลุ่มน้ำปิง,18.495703,99.27011,0,1,0,0
MOU053,canal/other,สะพานน้ำมวบ บ้านน้ำมวบ,พพภ,ลุ่มน้ำน่าน,18.484377,100.93808,1,1,0,0
MOU054,canal/other,ที่ทำการเขตรักษาพันธุ์สัตว์ป่าดอยหลวง,พพภ,ลุ่มน้ำยม,18.433992,100.11433,0,1,0,0
MOU055,canal/other,หน่วยจัดการต้นน้ำและพัฒนาชุมชนในพื้นที่ป่าอนุรักษ์ขุนแม่แจ่ม,พพภ,ลุ่มน้ำปิง,19.01651,98.413124,0,1,0,0
MOU056,canal/other,หน่วยจัดการต้นน้ำและพัฒนาชุมชนในพื้นที่ป่าอนุรักษ์สวนป่าสิริกิติ์,พพภ,ลุ่มน้ำปิง,18.36419,98.46656,0,1,0,0
MOU057,canal/other,หน่วยจัดการต้นน้ำและพัฒนาชุมชนในพื้นที่ป่าอนุรักษ์ขุนสถาน,พพภ,ลุ่มน้ำน่าน,18.273388,100.53669,0,1,0,0
MOU058,canal/other,หน่วยศึกษาการพัฒนาการอนุรักษ์ต้นน้ำแม่ถาง,พพภ,ลุ่มน้ำยม,18.246656,100.35791,0,1,0,0
MOU059,canal/other,ที่ทำการอุทยานแห่งชาติดอยผากลอง,พพภ,ลุ่มน้ำยม,18.15246,99.98719,0,1,0,0
MOU060,canal/other,หน่วยพิทักษ์อุทยานฯ ที่ ผก.๒ (ถ้ำเอราวัณ-แก่งหลวง),พพภ,ลุ่มน้ำยม,18.036455,99.94229,0,1,0,0
MOU061,canal/other,หน่วยพิทักษ์อุทยานแห่งชาติ ที่ วศ.๑ (แม่แขม),พพภ,ลุ่มน้ำยม,18.031466,99.70319,0,1,0,0
MOU062,canal/other,หน่วยพิทักษ์ป่าน้ำสาว,พพภ,ลุ่มน้ำยม,19.044817,100.49141,0,1,0,0
MOU063,canal/other,ที่ทำการอุทยานแห่งชาติเวียงโกศัย,พพภ,ลุ่มน้ำยม,17.966373,99.59613,0,1,0,0
MOU064,canal/other,หน่วยศึกษาการพัฒนาการอนุรักษ์ต้นน้ำแม่สูง,พพภ,ลุ่มน้ำยม,17.804312,99.828,0,1,0,0
MOU065,canal/other,หน่วยศึกษาการพัฒนาการอนุรักษ์ต้นน้ำผาเวียง,พพภ,ลุ่มน้ำยม,17.730116,99.574196,0,1,0,0
MOU066,canal/other,หน่วยพิทักษ์อุทยานแห่งชาติ ที่ สก. 2 (ภูลังกา),พพภ,ลุ่มน้ำยม,19.393639,100.45062,0,1,0,0
MOU067,canal/other,หน่วยศึกษาการพัฒนาการอนุรักษ์ต้นน้ำแม่สาน (หน่วยย่อย),พพภ,ลุ่มน้ำยม,17.653162,99.604034,0,1,0,0
MOU069,canal/other,หน่วยพิทักษ์อุทยานแห่งชาติ มว.๔ (แม่แสลม),พพภ,ลุ่มน้ำยม,17.385424,99.30813,0,1,0,0
MOU071,canal/other,ที่ทำการเขตรักษาพันธุ์สัตว์ป่าถ้ำเจ้าราม,พพภ,ลุ่มน้ำยม,17.24367,99.486084,0,1,0,0
MOU072,canal/other,โครงการอนุรักษ์สภาพป่าแม่ตื่น ฯ (บ้านห้วยน้ำเย็น),พพภ,ลุ่มน้ำปิง,17.22546,98.5574,0,1,0,0
MOU073,canal/other,สะพานแม่ตื่น,พพภ,ลุ่มน้ำปิง,17.12535,98.6394,1,1,0,0
MOU074,canal/other,คลองแม่รำพัน 1,พพภ,ลุ่มน้ำยม,17.050436,99.664345,1,1,0,0
MOU075,canal/other,หน่วยพิทักษ์อุทยานแห่งชาติที่ รค.๒ (คลองสวน),พพภ,ลุ่มน้ำยม,17.026957,99.62328,0,1,0,0
MOU076,canal/other,ยอดเขาหลวง (อุทยานแห่งชาติรามคำแหง),พพภ,ลุ่มน้ำยม,16.8775,99.6929,0,1,0,0
MOU078,canal/other,หน่วยพิทักษ์อุทยานแห่งชาติที่ ผท.๑ (ปากบอก),พพภ,ลุ่มน้ำยม,19.0587,99.7755,0,1,0,0
MOU079,canal/other,หน่วยจัดการต้นน้ำและพัฒนาชุมชนในพื้นที่ป่าอนุรักษ์แม่กลองน้อย-แม่กลองใหญ่,พพภ,ลุ่มน้ำแม่กลอง,16.28706,98.99642,0,1,0,0
MOU080,canal/other,หน่วยพิทักษ์ป่าเขาปันโส,พพภ,ลุ่มน้ำท่าจีน,15.23958,99.40895,0,1,0,0
MOU082,canal/other,หน่วยพิทักษ์อุทยานฯ ที่ นน.๖ (ถ้ำใหญ่น้ำหนาว),พพภ,ลุ่มน้ำป่าสัก,16.946814,101.50735,0,1,0,0
MOU083,canal/other,หน่วยพิทักษ์อุทยานแห่งชาติที่ ขค.๓ (ผาซ่อนแก้ว),พพภ,ลุ่มน้ำป่าสัก,16.777708,101.06847,0,1,0,0
MOU085,canal/other,หน่วยพิทักษ์ป่าช้างตะลูด,พพภ,ลุ่มน้ำป่าสัก,16.573484,101.33621,0,1,0,0
MOU086,canal/other,หน่วยจัดการต้นน้ำและพัฒนาชุมชนในพื้นที่ป่าอนุรักษ์ห้วยอีมาย,พพภ,ลุ่มน้ำป่าสัก,16.409319,101.283,0,1,0,0
MOU106,canal/other,หน่วยพิทักษ์อุทยานแห่งชาติที่ ขญ.๑๗ (กลางดง),พพภ,ลุ่มน้ำป่าสัก,14.549575,101.26519,0,1,0,0
MOU112,canal/other,หน่วยพิทักษ์อุทยานแห่งชาติที่ ทล.๑๑ (ไทยสามัคคี),พพภ,ลุ่มน้ำบางปะกง,14.322821,101.93274,0,1,0,0
MOU115,canal/other,หน่วยพิทักษ์อุทยานแห่งชาติที่ ขญ.๑๐ (ประจันตคาม),พพภ,ลุ่มน้ำบางปะกง,14.181167,101.592064,0,1,0,0
MOU116,canal/other,หน่วยจัดการต้นน้ำและพัฒนาชุมชนในพื้นที่ป่าอนุรักษ์เนินหอม,พพภ,ลุ่มน้ำบางปะกง,14.174927,101.43875,0,1,0,0
MOU117,canal/other,หน่วยพิทักษ์อุทยานแห่งชาติที่ ตย.๑ (ทัพไทย),พพภ,ลุ่มน้ำโตนเลสาบ,14.138174,102.88573,0,1,0,0
MOU118,canal/other,ศูนย์ศึกษาการพัฒนาการอนุรักษ์ต้นน้ำลุ่มน้ำบางปะกง,พพภ,ลุ่มน้ำบางปะกง,13.351688,101.99863,0,1,0,0
MOU119,canal/other,หน่วยพิทักษ์ป่ามาบลำบิด,พพภ,ลุ่มน้ำบางปะกง,13.164513,101.15418,0,1,0,0
MOU120,canal/other,หน่วยพิทักษ์ป่าเขาช่องลม,พพภ,ลุ่มน้ำชายฝั่งทะเลตะวันออก,13.157225,101.11463,0,1,0,0
MOU121,canal/other,เขตห้ามล่าสัตว์ป่าเขาชีโอน,พพภ,ลุ่มน้ำชายฝั่งทะเลตะวันออก,12.768159,100.97308,0,1,0,0
MOU122,canal/other,หน่วยพิทักษ์อุทยานแห่งชาติที่ พล.๒ (บ้านอ่าง),พพภ,ลุ่มน้ำชายฝั่งทะเลตะวันออก,12.625168,102.19488,0,1,0,0
MOU123,canal/other,หน่วยจัดการต้นน้ำและพัฒนาชุมชนในพื้นที่ป่าอนุรักษ์ซองกาเลีย,พพภ,ลุ่มน้ำแม่กลอง,15.215669,98.386665,0,1,0,0
MOU124,canal/other,เขตห้ามล่าสัตว์ป่าเขาสมโภชน์,พพภ,ลุ่มน้ำป่าสัก,15.181677,101.29398,0,1,0,0
MOU125,canal/other,หน่วยพิทักษ์ป่าหินเรือ,พพภ,ลุ่มน้ำภาคใต้ฝั่งตะวันออกตอนบน,10.7458,98.947365,0,1,0,0
MOU126,canal/other,หน่วยจัดการต้นน้ำและพัฒนาชุมชนในพื้นที่ป่าอนุรักษ์ตาปี,พพภ,ลุ่มน้ำภาคใต้ฝั่งตะวันออกตอนบน,9.162969,98.8869,0,1,0,0
MOU127,canal/other,เขตรักษาพันธุ์สัตว์ป่าน้ำตกสองแพรก,พพภ,ลุ่มน้ำภาคใต้ฝั่งตะวันตก,8.612496,98.54957,0,1,0,0
MOU128,canal/other,สถานีวิจัยต้นน้ำตาปี,พพภ,ลุ่มน้ำภาคใต้ฝั่งตะวันออกตอนบน,8.593928,99.557686,0,1,0,0
MOU129,canal/other,สถานีวิจัยต้นน้ำคีรีวง,พพภ,ลุ่มน้ำภาคใต้ฝั่งตะวันออกตอนบน,8.43217,99.76882,0,1,0,0
MOU130,canal/other,หน่วยพิทักษ์อุทยานแห่งชาติที่ ขป.๔ (บ้านน้ำตก),พพภ,ลุ่มน้ำภาคใต้ฝั่งตะวันออกตอนบน,7.96328,99.76106,0,1,0,0
MOU131,canal/other,หน่วยพิทักษ์ป่าควนนางเหวน,พพภ,ลุ่มน้ำทะเลสาบสงขลา,7.884335,100.06661,0,1,0,0
MOU132,canal/other,หน่วยพิทักษ์อุทยานแห่งชาติที ขป.๘ (น้ำตกหนานปลิว),พพภ,ลุ่มน้ำทะเลสาบสงขลา,7.854691,99.80874,0,1,0,0
MOU133,canal/other,สถานีควบคุมไฟป่าพัทลุง,พพภ,ลุ่มน้ำทะเลสาบสงขลา,7.758506,99.817474,0,1,0,0
MOU134,canal/other,หน่วยพิทักษ์อุทยานแห่งชาติที่ ขป.๙  (น้ำตกเขาคราม),พพภ,ลุ่มน้ำทะเลสาบสงขลา,7.515887,99.87866,0,1,0,0
MOU135,canal/other,หน่วยพิทักษ์ป่าอ่าวท่ายาง,พพภ,ลุ่มน้ำทะเลสาบสงขลา,7.42019,100.33263,0,1,0,0
MOU136,canal/other,หน่วยจัดการต้นน้ำและพัฒนาชุมชนในพื้นที่ป่าอนุรักษ์คลองป่าพรุพ้อ,พพภ,ลุ่มน้ำทะเลสาบสงขลา,7.162198,100.08452,0,1,0,0
MOU137,canal/other,ที่ทำการอุทยานแห่งชาติทะเลบัน,พพภ,ลุ่มน้ำภาคใต้ฝั่งตะวันตก,6.709046,100.16905,0,1,0,0
MOU138,canal/other,ที่ทำการอุทยานแห่งชาติเขาน้ำค้าง,พพภ,ลุ่มน้ำทะเลสาบสงขลา,6.600056,100.58906,0,1,0,0
MOU139,canal/other,หน่วยพิทักษ์อุทยานฯ ที่ บล.๒ (น้ำตกฮาลาซะห์),พพภ,ลุ่มน้ำภาคใต้ฝั่งตะวันออกตอนล่าง,6.058344,101.40899,0,1,0,0
MOU140,canal/other,หน่วยพิทักษ์อุทยานฯ ที่ บล.๔ (น้ำตกละอองรุ้ง),พพภ,ลุ่มน้ำภาคใต้ฝั่งตะวันออกตอนล่าง,5.996956,101.187065,0,1,0,0
MOU141,canal/other,ที่ทำการอุทยานแห่งชาติน้ำตกซีโป,พพภ,ลุ่มน้ำภาคใต้ฝั่งตะวันออกตอนล่าง,6.271502,101.64063,0,1,0,0
MOU142,canal/other,เขตรักษาพันธุ์สัตว์ป่าฮาลา-บาลา,พพภ,ลุ่มน้ำภาคใต้ฝั่งตะวันออกตอนล่าง,5.807492,101.845184,0,1,0,0
MOU167,canal/other,สะพานน้ำแม่สรวย,พพภ,ลุ่มน้ำโขงเหนือ,19.72628,99.50745,1,0,0,0
MOU171,canal/other,สะพานแม่น้ำงาว,พพภ,ลุ่มน้ำโขงเหนือ,20.030533,100.48944,1,0,0,0
MOU172,canal/other,สะพานแม่ระมาด,พพภ,ลุ่มน้ำสาละวิน,16.983826,98.52675,1,0,0,0
MOU226,canal/other,สะพานน้ำชี,พพภ,ลุ่มน้ำชี,16.15583,101.65372,1,0,0,0
MOU246,canal/other,สะพานน้ำลำตะคอง,พพภ,ลุ่มน้ำมูล,14.550208,101.459465,1,0,0,0
MOU293,canal/other,สะพานน้ำแม่ขาน,พพภ,ลุ่มน้ำปิง,18.7955,98.7307,1,0,0,0
MOU294,canal/other,สะพานน้ำแม่กลาง,พพภ,ลุ่มน้ำปิง,18.507551,98.66203,1,0,0,0
MOU298,canal/other,สะพานน้ำแม่ต๋อม,พพภ,ลุ่มน้ำปิง,17.799877,98.36419,1,0,0,0
MOU299,canal/other,สะพานน้ำแม่แจ่ม บ้านแปะ,พพภ,ลุ่มน้ำปิง,18.232069,98.439766,1,0,0,0
MOU301,canal/other,สะพานน้ำแม่งัด,พพภ,ลุ่มน้ำปิง,19.238968,99.18048,1,0,0,0
MOU303,canal/other,สะพานแม่น้ำปิง,พพภ,ลุ่มน้ำปิง,19.507914,98.95879,1,0,0,0
MOU322,canal/other,สะพานน้ำคลองแม่สอย,พพภ,ลุ่มน้ำวัง,18.784391,99.56949,1,0,0,0
MOU323,canal/other,สะพานน้ำวัง,พพภ,ลุ่มน้ำวัง,19.232492,99.63247,1,0,0,0
MOU325,canal/other,สะพานพัฒนามิตรภาพแม่น้ำตุ๋ย,พพภ,ลุ่มน้ำวัง,18.474373,99.46628,1,0,0,0
MOU335,canal/other,สะพานน้ำแม่คะ ,พพภ,ลุ่มน้ำยม,19.337248,100.43124,1,0,0,0
MOU342,canal/other,สะพานน้ำงาว,พพภ,ลุ่มน้ำยม,18.889063,99.940125,1,0,0,0
MOU346,canal/other,สะพานบ้านตึก,พพภ,ลุ่มน้ำยม,17.586782,99.81109,1,0,0,0
MOU352,canal/other,สะพานน้ำงิม,พพภ,ลุ่มน้ำยม,19.321678,100.456184,1,0,0,0
MOU353,canal/other,สะพานน้ำเงิน,พพภ,ลุ่มน้ำยม,19.228998,100.326294,1,0,0,0
MOU355,canal/other,สะพานน้ำแม่จั๊ว,พพภ,ลุ่มน้ำยม,19.019968,100.264275,1,0,0,0
MOU359,canal/other,สะพานน้ำแม่สิน,พพภ,ลุ่มน้ำยม,17.801989,99.849495,1,0,0,0
MOU368,canal/other,สะพานน้ำปี้ เชียงม่วน,พพภ,ลุ่มน้ำยม,18.881905,100.28281,1,0,0,0
MOU370,canal/other,สะพานพญาอาทิตราช,พพภ,ลุ่มน้ำปิง,17.37028,98.48728,1,0,0,0
MOU373,canal/other,สะพานคลองแม่มอญ,พพภ,ลุ่มน้ำวัง,18.810192,99.50328,1,0,0,0
MOU383,canal/other,สะพานคลองตรอน,พพภ,ลุ่มน้ำน่าน,17.463362,100.23722,1,0,0,0
MOU384,canal/other,สะพานพระร่วงข้ามน้ำแควน้อย,พพภ,ลุ่มน้ำน่าน,17.185375,100.68031,1,0,0,0
MOU385,canal/other,สะพานคลองท่าสะแก,พพภ,ลุ่มน้ำน่าน,17.253153,100.62827,1,0,0,0
MOU386,canal/other,สะพานน้ำเข็ก,พพภ,ลุ่มน้ำน่าน,16.835382,100.56083,1,0,0,0
MOU419,canal/other,สะพานคลองสนธิ,พพภ,ลุ่มน้ำป่าสัก,15.511389,101.34012,1,0,0,0
MOU431,canal/other,สะพานแม่น้ำแควใหญ่,พพภ,ลุ่มน้ำแม่กลอง,16.04928,98.844765,1,0,0,0
MOU454,canal/other,คลองเบตง (ชุมชนกุนุงจนอง),พพภ,ลุ่มน้ำภาคใต้ฝั่งตะวันออกตอนล่าง,5.785312,101.058685,1,0,0,0
MOU460,canal/other,สะพานคลองลำพญาธาร,พพภ,ลุ่มน้ำบางปะกง,14.26568,101.89133,1,0,0,0
MOU461,canal/other,สะพานคลองนางรอง,พพภ,ลุ่มน้ำบางปะกง,14.315195,101.312836,1,0,0,0
MOU462,canal/other,สะพานคลองวังตะไคร้,พพภ,ลุ่มน้ำบางปะกง,14.321305,101.30604,1,0,0,0
MOU471,canal/other,สะพานคลองจันทเขลม,พพภ,ลุ่มน้ำชายฝั่งทะเลตะวันออก,13.003336,102.04864,1,0,0,0
MOU472,canal/other,สะพานคลองวังโตนด,พพภ,ลุ่มน้ำชายฝั่งทะเลตะวันออก,13.119586,101.954346,1,0,0,0
MOU473,canal/other,สะพานคลองสะตอ,พพภ,ลุ่มน้ำชายฝั่งทะเลตะวันออก,12.7065,102.415,1,0,0,0
MOU493,canal/other,สะพานคลองปง (คีรีวง),พพภ,ลุ่มน้ำภาคใต้ฝั่งตะวันออกตอนบน,8.43379,99.78328,1,0,0,0
MOU494,canal/other,สะพานบ้านคีรีวง คลองท่าดี,พพภ,ลุ่มน้ำภาคใต้ฝั่งตะวันออกตอนบน,8.432906,99.782646,1,0,0,0
MOU510,canal/other,น้ำตกโตนแพรทอง,พพภ,ลุ่มน้ำทะเลสาบสงขลา,7.48407,99.89179,1,0,0,0
MPBR,canal/other,ทต.ปราณบุรี,สสน.,ลุ่มน้ำเพชรบุรี-ประจวบคีรีขันธ์,12.37836,99.89328,0,1,0,0
MUN002,canal/other,เฉลิมพระเกียรติ,สสน.,ลุ่มน้ำมูล,14.968,102.23782,1,0,0,0
MUN003,canal/other,ชุมพวง,สสน.,ลุ่มน้ำมูล,15.28663,102.68459,1,0,0,0
MUN005,canal/other,ราษีไศล,สสน.,ลุ่มน้ำมูล,15.33953,104.15237,1,0,0,0
MUN009,canal/other,เมืองสุรินทร์,สสน.,ลุ่มน้ำมูล,14.875494,103.37887,1,0,0,0
MUN010,canal/other,เมืองศรีสะเกษ,สสน.,ลุ่มน้ำมูล,15.118111,104.31859,1,0,0,0
MUN011,canal/other,พิบูลมังสาหาร,สสน.,ลุ่มน้ำมูล,15.249705,105.2393,1,0,0,0
MUN014,canal/other,สตึก,สสน.,ลุ่มน้ำมูล,15.299888,103.29234,1,0,0,0
MUNG,canal/other,อบต.มะนังดาลำ,สสน.,ลุ่มน้ำภาคใต้ฝั่งตะวันออกตอนล่าง,6.67271,101.60943,0,1,0,0
MWOG,canal/other,อบต.แม่วงก์,สสน.,ลุ่มน้ำสะแกกรัง,15.78101,99.54588,0,1,0,0
MYA001,canal/other,บ้านโจตาดา,พพภ,นอกประเทศไทย,20.3913,99.68576,1,0,0,0
MYA002,canal/other,บ้านดอยต่อคำ,พพภ,นอกประเทศไทย,20.44352,99.86226,1,0,0,0
MYA003,canal/other,สะพานอูทูนอ่อง บ้านสบสาย,พพภ,นอกประเทศไทย,20.47149,99.95349,1,0,0,0
MYA004,canal/other,สะพานมิตรภาพแม่น้ำสายแห่งที่ 1,พพภ,ลุ่มน้ำโขงเหนือ,20.44454,99.88048,1,0,0,0
MYA005,canal/other,โรงสูบน้ำแรงต่ำแม่ข่าย (แม่สาย),สสน.,ลุ่มน้ำโขงเหนือ,20.444576,99.87177,1,0,0,0
N22,canal/other,,,,,,0,0,1,0
N27,canal/other,,,,,,0,0,1,0
N8A,canal/other,,,,,,0,0,1,0
NAMN,canal/other,สนามกีฬา ทต.บ่อแก้ว,สสน.,ลุ่มน้ำน่าน,18.21042,100.66244,0,1,0,0
NAPJ,canal/other,อบต.ทุ่งกระบ่ำ,สสน.,ลุ่มน้ำท่าจีน,14.58876,99.63505,0,1,0,0
NBON,canal/other,ทต.หนองบอน,สสน.,ลุ่มน้ำชายฝั่งทะเลตะวันออก,12.67735,102.45936,0,1,0,0
NGBA,canal/other,ทต.หนองบัว,สสน.,ลุ่มน้ำเจ้าพระยา,15.87077,100.59734,0,1,0,0
NGCG,canal/other,ทต.หนองฉาง,สสน.,ลุ่มน้ำสะแกกรัง,15.38896,99.84505,0,1,0,0
NGNG,canal/other,อบต.หนองแหน,สสน.,ลุ่มน้ำบางปะกง,13.68338,101.32512,0,1,0,0
NGPI,canal/other,อบต.หนองไผ่,สสน.,ลุ่มน้ำป่าสัก,15.98164,101.07372,0,1,0,0
NGSC,canal/other,อบต.บ่อทอง,สสน.,ลุ่มน้ำบางปะกง,13.2417,101.48823,0,1,0,0
NGSU,canal/other,อบต.หนองบอนแดง,สสน.,ลุ่มน้ำบางปะกง,13.350206,101.15713,0,1,0,0
NIKS,canal/other,อบต.นิคมกระเสียว,สสน.,ลุ่มน้ำท่าจีน,14.85733,99.57508,0,1,0,0
NKMT,canal/other,อบต.บ่อแฮ้ว,สสน.,ลุ่มน้ำวัง,18.31941,99.44665,0,1,0,0
NKO001,canal/other,ทุ่งสง,สสน.,ลุ่มน้ำภาคใต้ฝั่งตะวันตก,8.174942,99.67887,1,1,0,0
NKO002,canal/other,เชียรใหญ่,สสน.,ลุ่มน้ำภาคใต้ฝั่งตะวันออกตอนบน,8.089498,100.12784,1,1,0,0
NKO003,canal/other,ถ้ำพรรณรา,สสน.,ลุ่มน้ำภาคใต้ฝั่งตะวันออกตอนบน,8.391227,99.39519,1,1,0,0
NKO004,canal/other,ทุ่งใหญ่,สสน.,ลุ่มน้ำภาคใต้ฝั่งตะวันออกตอนบน,8.414516,99.24979,0,1,0,0
NKOK,canal/other,อบต.คลองตะเกรา,สสน.,ลุ่มน้ำบางปะกง,13.41823,101.64146,0,1,0,0
NKTI,canal/other,ทต.นครไทย,สสน.,ลุ่มน้ำน่าน,17.10106,100.82916,0,1,0,0
NKYG,canal/other,ทต.หนองขาหย่าง,สสน.,ลุ่มน้ำสะแกกรัง,15.36227,99.93845,0,1,0,0
NMKH,canal/other,อบต.หนองมะค่า,สสน.,ลุ่มน้ำป่าสัก,15.4321,100.9245,0,1,0,0
NMKI,canal/other,ทต.หนองม่วงไข่,สสน.,ลุ่มน้ำยม,18.26431,100.20013,0,1,0,0
NMKO,canal/other,อบต.หนองไม้กอง,สสน.,ลุ่มน้ำยม,16.43571,99.94509,0,1,0,0
NMPR,canal/other,ทต.เนินมะปราง,สสน.,ลุ่มน้ำน่าน,16.57068,100.6494,0,1,0,0
NMPT,canal/other,ทต.น้ำปาด,สสน.,ลุ่มน้ำน่าน,17.72534,100.6814,0,1,0,0
NMUB,canal/other,อบต.น้ำมวบ,สสน.,ลุ่มน้ำน่าน,18.48425,100.93075,0,1,0,0
NOKK,canal/other,อบต.หนองขนาก,สสน.,ลุ่มน้ำเจ้าพระยา,14.51417,100.73522,0,1,0,0
NPCT,canal/other,อบต.พิจิตร,สสน.,ลุ่มน้ำทะเลสาบสงขลา,6.98768,100.57162,0,1,0,0
NPI001,canal/other,ท่าศาลา,สสน.,ลุ่มน้ำภาคใต้ฝั่งตะวันออกตอนบน,8.786868,99.911316,1,1,0,0
NPI002,canal/other,นบพิตำ,สสน.,ลุ่มน้ำภาคใต้ฝั่งตะวันออกตอนบน,8.720036,99.79616,0,1,0,0
NPNK,canal/other,อบต.หนองผักนาก,สสน.,ลุ่มน้ำท่าจีน,14.76448,100.01942,0,1,0,0
NPNPD02,canal/other,วัดศิริมังคละเต่างอย ,กฟผ.,ลุ่มน้ำโขงตะวันออกเฉียงเหนือ,16.994,104.172,1,0,0,0
NPNPU01,canal/other,เขื่อนน้ำพุง บ้านคำเพิ่ม ,กฟผ.,ลุ่มน้ำโขงตะวันออกเฉียงเหนือ,16.97249,103.983376,1,0,0,0
NPSD,canal/other,อบต.ท่าแยก,สสน.,ลุ่มน้ำบางปะกง,13.907658,102.093994,0,1,0,0
NSNO,canal/other,อบต.หนองโสน,สสน.,ลุ่มน้ำยม,16.39612,100.05419,0,1,0,0
NSRS,canal/other,โรงปรับปรุงคุณภาพน้ำฯ ทน.นครสวรรค์,สสน.,ลุ่มน้ำเจ้าพระยา,15.69864,100.13691,0,1,0,0
NT22,canal/other,อ่างเก็บน้ำห้วยแฮต ตัวอ่าง,ชป.,ลุ่มน้ำน่าน,18.78324,100.84124,0,1,0,0
NT23,canal/other,อ่างเก็บน้ำห้วยแฮต ท้ายอ่าง1,ชป.,ลุ่มน้ำน่าน,18.78317,100.84065,0,1,0,0
NT24,canal/other,อ่างเก็บน้ำห้วยแฮต ท้ายอ่าง2,ชป.,ลุ่มน้ำน่าน,18.77219,100.81327,0,1,0,0
NT25,canal/other,อ่างเก็บน้ำน้ำแหง ตัวอ่าง,ชป.,ลุ่มน้ำน่าน,18.32704,100.68088,0,1,0,0
NT26,canal/other,อ่างเก็บน้ำน้ำแหง เหนืออ่าง,ชป.,ลุ่มน้ำน่าน,18.33254,100.62822,0,1,0,0
NT27,canal/other,อ่างเก็บน้ำน้ำแหง ท้ายอ่าง1,ชป.,ลุ่มน้ำน่าน,18.32758,100.68169,0,1,0,0
NT28,canal/other,อ่างเก็บน้ำน้ำแหง ท้ายอ่าง2,ชป.,ลุ่มน้ำน่าน,18.32762,100.68203,0,1,0,0
NT29,canal/other,อ่างเก็บน้ำพง ตัวอ่าง,ชป.,ลุ่มน้ำน่าน,18.91074,100.96461,0,1,0,0
NT30,canal/other,อ่างเก็บน้ำพง ท้ายอ่าง,ชป.,ลุ่มน้ำน่าน,18.91109,100.9634,0,1,0,0
NTNG,canal/other,รพสต.บ้านหนองไคร้,สสน.,ลุ่มน้ำปิง,18.60126,98.93967,0,1,0,0
NTST,canal/other,อบต.ท่าเสา,สสน.,ลุ่มน้ำแม่กลอง,14.21606,99.08133,0,1,0,0
Ny.1B,canal/other,บ้านเขานางบวช,ชป.,ลุ่มน้ำบางปะกง,14.24582,101.274246,1,0,0,0
Ny.3,canal/other,บ้านป่าขะ,ชป.,ลุ่มน้ำบางปะกง,14.28644,101.070473,1,0,0,0
Ny.7,canal/other,สะพานหน้าจวนผู้ว่าฯ,ชป.,ลุ่มน้ำบางปะกง,14.20048,101.219307,1,0,0,0
OMKI,canal/other,อบต.อมก๋อย,สสน.,ลุ่มน้ำปิง,17.79795,98.34148,0,1,0,0
ONE001,canal/other,สะพานท่าน้ำ,สสน.,ลุ่มน้ำภาคใต้ฝั่งตะวันตก,8.109219,98.905525,1,1,0,0
ONE002,canal/other,สะพานข้ามคลองกระบี่ใหญ่ 1,สสน.,ลุ่มน้ำภาคใต้ฝั่งตะวันตก,8.187541,98.87916,1,1,0,0
ONE003,canal/other,สะพานคลองอิปัน,สสน.,ลุ่มน้ำภาคใต้ฝั่งตะวันออกตอนบน,8.525791,98.88188,1,1,0,0
ONE004,canal/other,สะพานข้ามคลองตะโก,สสน.,ลุ่มน้ำภาคใต้ฝั่งตะวันออกตอนบน,10.077709,98.98693,1,1,0,0
ONE005,canal/other,สะพานหนองจิก-วังปลา,สสน.,ลุ่มน้ำภาคใต้ฝั่งตะวันออกตอนบน,10.112872,99.07568,1,1,0,0
ONE006,canal/other,ปตร.ธรณิศนฤมิต-เหนือน้ำ,สสน.,ลุ่มน้ำโขงตะวันออกเฉียงเหนือ,16.92321,104.71615,1,0,0,0
ONE007,canal/other,ปตร.ธรณิศนฤมิต-ท้ายน้ำ,สสน.,ลุ่มน้ำโขงตะวันออกเฉียงเหนือ,16.922241,104.71625,1,0,0,0
ONE008,canal/other,ปตร. ห้วยแคน-เหนือน้ำ,สสน.,ลุ่มน้ำโขงตะวันออกเฉียงเหนือ,16.928366,104.72031,1,0,0,0
ONE009,canal/other,ปตร. ห้วยแคน-ท้ายน้ำ,สสน.,ลุ่มน้ำโขงตะวันออกเฉียงเหนือ,16.927904,104.72032,1,0,0,0
ONE010,canal/other,สะพานบ้านแก่งโพธิ์,สสน.,ลุ่มน้ำโขงตะวันออกเฉียงเหนือ,16.929113,104.700676,1,0,0,0
ONE011,canal/other,ปตร.บ้านนาคู่-เหนือน้ำ,สสน.,ลุ่มน้ำโขงตะวันออกเฉียงเหนือ,16.962238,104.52524,1,0,0,0
ONE012,canal/other,ปตร. บ้านนาคู่-ท้ายน้ำ,สสน.,ลุ่มน้ำโขงตะวันออกเฉียงเหนือ,16.961792,104.52589,1,0,0,0
ONE013,canal/other,สะพานมิตรภาพท่าลาดปากบัง,สสน.,ลุ่มน้ำโขงตะวันออกเฉียงเหนือ,16.993015,104.591446,1,0,0,0
ONE015,canal/other,ปตร. บ้านนาขาม-ท้ายน้ำ,สสน.,ลุ่มน้ำโขงตะวันออกเฉียงเหนือ,17.000439,104.42528,1,0,0,0
ONE016,canal/other,สะพานน้ำก่ำ บ้านหนองแคน,สสน.,ลุ่มน้ำโขงตะวันออกเฉียงเหนือ,17.05715,104.3636,1,0,0,0
ONE017,canal/other,ปตร.บ้านนาบัว-เหนือน้ำ,สสน.,ลุ่มน้ำโขงตะวันออกเฉียงเหนือ,17.065418,104.57897,1,0,0,0
ONE019,canal/other,ปตร.บ้านตับเต่า-เหนือน้ำ,สสน.,ลุ่มน้ำโขงตะวันออกเฉียงเหนือ,17.115396,104.53788,1,0,0,0
ONE020,canal/other,ปตร. บ้านตับเต่า-ท้ายน้ำ,สสน.,ลุ่มน้ำโขงตะวันออกเฉียงเหนือ,17.11483,104.53841,1,0,0,0
ONE022,canal/other,คลองสามบาท บ้านกุดพิมาน,สสน.,ลุ่มน้ำมูล,15.31065,101.74405,1,0,0,0
ONE023,canal/other,สะพานข้ามคลองท่าแพ,สสน.,ลุ่มน้ำภาคใต้ฝั่งตะวันตก,8.166437,99.704285,1,1,0,0
ONE024,canal/other,สะพานข้ามคลองบางม่วง,สสน.,ลุ่มน้ำทะเลสาบสงขลา,7.365284,100.27959,1,1,0,0
ONE025,canal/other,สะพานข้ามคลองลำปำ,สสน.,ลุ่มน้ำทะเลสาบสงขลา,7.62273,100.146835,1,1,0,0
ONE026,canal/other,สะพานข้ามแม่น้ำยมสายเก่า-บ้านวังน้ำบ่อ,สสน.,ลุ่มน้ำยม,17.012897,100.06047,0,1,0,0
ONE027,canal/other,สะพานข้ามคลองกะเปอร์,สสน.,ลุ่มน้ำภาคใต้ฝั่งตะวันตก,9.590022,98.63291,1,1,0,0
ONE030,canal/other,สะพานข้ามคลองเดียก,สสน.,ลุ่มน้ำโขงตะวันออกเฉียงเหนือ,17.126015,104.140945,1,0,0,0
ONE033,canal/other,สะพานข้ามคลองโมง,สสน.,ลุ่มน้ำโขงตะวันออกเฉียงเหนือ,17.166727,104.118996,1,0,0,0
ONE034,canal/other,สะพานข้ามห้วยสมอ,สสน.,ลุ่มน้ำโขงตะวันออกเฉียงเหนือ,17.208937,104.101845,1,0,0,0
ONE035,canal/other,สะพานข้ามคลองเทพา,สสน.,ลุ่มน้ำทะเลสาบสงขลา,6.534085,100.963394,1,1,0,0
ONE036,canal/other,สะพานเทพาสันติสุข,สสน.,ลุ่มน้ำทะเลสาบสงขลา,6.825135,100.972626,1,1,0,0
ONE037,canal/other,สะพานข้ามคลองอู่ตะเภา,สสน.,ลุ่มน้ำทะเลสาบสงขลา,7.134997,100.45321,1,1,0,0
ONE038,canal/other,สะพานสวนเฉลิมพระเกียรติ 72 พรรษามหาราชินี,สสน.,ลุ่มน้ำทะเลสาบสงขลา,7.182746,100.59448,1,1,0,0
ONE039,canal/other,สะพานข้ามคลองระโนด,สสน.,ลุ่มน้ำทะเลสาบสงขลา,7.769855,100.30203,1,1,0,0
ONE040,canal/other,สะพานข้ามแม่น้ำยมสายเก่า-ตำบลไกรใน,สสน.,ลุ่มน้ำยม,17.074213,100.00566,1,1,0,0
ONE041,canal/other,สะพานข้ามแม่น้ำยมสายเก่า-วัดปากน้ำ,สสน.,ลุ่มน้ำยม,17.219545,99.8896,1,1,0,0
ONE042,canal/other,สะพานคลองแม่น้ำเก่า,สสน.,ลุ่มน้ำยม,17.341522,99.85578,1,1,0,0
ONE043,canal/other,สะพานผันน้ำยม-น่าน1,สสน.,ลุ่มน้ำยม,17.367386,99.87584,0,1,0,0
ONE044,canal/other,สะพานข้ามคลองไชยา,สสน.,ลุ่มน้ำภาคใต้ฝั่งตะวันออกตอนบน,9.398603,99.16833,1,1,0,0
ONE045,canal/other,สะพานข้ามคลองปากหมาก,สสน.,ลุ่มน้ำภาคใต้ฝั่งตะวันออกตอนบน,9.492312,98.91996,1,1,0,0
ONE046,canal/other,สะพานข้ามคลองท่าชนะ,สสน.,ลุ่มน้ำภาคใต้ฝั่งตะวันออกตอนบน,9.576583,99.12956,1,1,0,0
ONE047,canal/other,สะพานถนนสายเอเซีย 4265,สสน.,ลุ่มน้ำภาคใต้ฝั่งตะวันออกตอนบน,9.598671,98.94901,1,1,0,0
ONE048,canal/other,สะพานผันน้ำยม-น่าน2,สสน.,ลุ่มน้ำยม,17.321064,100.01188,0,1,0,0
ONE049,canal/other,อ่างเก็บน้ำบางกำปรัด,สสน.,ลุ่มน้ำภาคใต้ฝั่งตะวันออกตอนบน,8.221995,99.19775,0,1,0,0
ONE058,canal/other,โรงเรียนบ้านคลองครก,สสน.,ลุ่มน้ำชายฝั่งทะเลตะวันออก,13.133226,101.81679,0,1,0,0
ONE059,canal/other,วัดโคกตะพง (แกลง),สสน.,ลุ่มน้ำชายฝั่งทะเลตะวันออก,12.78168,102.17328,0,1,0,0
ONE060,canal/other,วัดสันติธรรมคีรี (วัดเขาหินโค่ง),สสน.,ลุ่มน้ำชายฝั่งทะเลตะวันออก,12.971485,101.99657,0,1,0,0
ONE061,canal/other,โรงเรียนบ้านตลาดเนินหิน,สสน.,ลุ่มน้ำบางปะกง,13.298696,101.36016,0,1,0,0
ONE062,canal/other,โรงเรียนวัดบ้านโป่ง,สสน.,ลุ่มน้ำชายฝั่งทะเลตะวันออก,12.934848,100.99091,0,1,0,0
ONE063,canal/other,โรงเรียนวัดหนองน้ำเขียว,สสน.,ลุ่มน้ำบางปะกง,13.234701,101.11684,0,1,0,0
ONE064,canal/other,สำนักสงฆ์โสธรรมนิมิตร,สสน.,ลุ่มน้ำชายฝั่งทะเลตะวันออก,13.168441,101.03034,0,1,0,0
ONE066,canal/other,วัดทุ่งตอง,สสน.,ลุ่มน้ำชายฝั่งทะเลตะวันออก,12.515793,102.59027,0,1,0,0
ONE067,canal/other,รพ.สต.บ้านคลองขวาง,สสน.,ลุ่มน้ำชายฝั่งทะเลตะวันออก,12.344451,102.64169,0,1,0,0
ONE071,canal/other,โรงเรียนบ้านหินเทิน,สสน.,ลุ่มน้ำบางปะกง,14.064819,102.01052,0,1,0,0
ONE074,canal/other,วัดนิคมประชาสรรค์ (วัดวังไทรดิ่ง),สสน.,ลุ่มน้ำเพชรบุรี-ประจวบคีรีขันธ์,11.93596,99.71081,0,1,0,0
ONE075,canal/other,อ่างเก็บน้ำคลองช่องลม,สสน.,ลุ่มน้ำเพชรบุรี-ประจวบคีรีขันธ์,11.56502,99.52902,0,1,0,0
ONE076,canal/other,วัดห้วยเกษียร,สสน.,ลุ่มน้ำบางปะกง,14.181127,101.413635,0,1,0,0
ONE077,canal/other,วัดบ้านห้วยชัน,สสน.,ลุ่มน้ำบางปะกง,13.98736,102.43794,0,1,0,0
ONE078,canal/other,วัดวังปลาช่อน,สสน.,ลุ่มน้ำเพชรบุรี-ประจวบคีรีขันธ์,13.242124,99.65333,0,1,0,0
ONE079,canal/other,โรงเรียนบ้านห้วยไผ่,สสน.,ลุ่มน้ำเพชรบุรี-ประจวบคีรีขันธ์,12.759098,99.61465,0,1,0,0
ONE080,canal/other,โรงเรียนบ้านเขาอ่างแก้ว,สสน.,ลุ่มน้ำเพชรบุรี-ประจวบคีรีขันธ์,12.668859,99.65604,0,1,0,0
ONE081,canal/other,เขื่อนบางวาด,สสน.,ลุ่มน้ำภาคใต้ฝั่งตะวันตก,7.890594,98.338356,0,1,0,0
ONE082,canal/other,อ่างเก็บน้ำบางเหนียวดำ,สสน.,ลุ่มน้ำภาคใต้ฝั่งตะวันตก,7.969065,98.33385,0,1,0,0
ONE088,canal/other,โรงเรียนบ้านเหมืองแร่,สสน.,ลุ่มน้ำชายฝั่งทะเลตะวันออก,12.880652,101.784584,0,1,0,0
ONE089,canal/other,โรงเรียนบ้านสีระมัน,สสน.,ลุ่มน้ำชายฝั่งทะเลตะวันออก,13.038727,101.66171,0,1,0,0
ONE090,canal/other,รพ.สต.บ้านชากหมาก,สสน.,ลุ่มน้ำชายฝั่งทะเลตะวันออก,12.796795,101.027664,0,1,0,0
ONE091,canal/other,อบต.ปลวกแดง,สสน.,ลุ่มน้ำชายฝั่งทะเลตะวันออก,12.970066,101.20457,0,1,0,0
ONE098,canal/other,เทศบาลตำบลท่าพระยา,สสน.,ลุ่มน้ำทะเลสาบสงขลา,6.624624,100.94688,0,1,0,0
ONE099,canal/other,โรงเรียนบ้านคลองยายอินทร์,สสน.,ลุ่มน้ำบางปะกง,13.383314,102.127266,0,1,0,0
ONE100,canal/other,วัดคลองคันโท,สสน.,ลุ่มน้ำบางปะกง,13.94595,102.28505,0,1,0,0
ONWR01,canal/other,บ้านโกรกอีดก,สสน.,ลุ่มน้ำบางปะกง,14.4417,101.17281,0,1,0,0
ONWR02,canal/other,ป่าต้นน้ำคลองมะเดื่อ อช.เขาใหญ่ (นางรอง),สสน.,ลุ่มน้ำบางปะกง,14.3693,101.2712,0,1,0,0
P5,canal/other,,,,,,0,0,1,0
PAI001,canal/other,เมืองแม่ฮ่องสอน,สสน.,ลุ่มน้ำสาละวิน,19.36703,97.96665,1,0,0,0
PALU,canal/other,อบต.ห้วยสัตว์ใหญ่,สสน.,ลุ่มน้ำเพชรบุรี-ประจวบคีรีขันธ์,12.52944,99.54378,0,1,0,0
PANG,canal/other,อบต.ปากพนังฝั่งตะวันออก,สสน.,ลุ่มน้ำภาคใต้ฝั่งตะวันออกตอนบน,8.38821,100.23183,0,1,0,0
PAT001,canal/other,บันนังสตา,สสน.,ลุ่มน้ำภาคใต้ฝั่งตะวันออกตอนล่าง,6.262041,101.268036,1,1,0,0
PAT002,canal/other,เมืองยะลา,สสน.,ลุ่มน้ำภาคใต้ฝั่งตะวันออกตอนล่าง,6.67525,101.286354,1,1,0,0
PATO01,canal/other,สะพานบ้านตรังพัฒนา,สสน.,ลุ่มน้ำภาคใต้ฝั่งตะวันออกตอนบน,9.85488,98.8401,1,1,0,0
PCH001,canal/other,เมืองเพชรบุรี,สสน.,ลุ่มน้ำเพชรบุรี-ประจวบคีรีขันธ์,13.08562,99.94393,1,1,0,0
PCH002,canal/other,แก่งกระจาน,สสน.,ลุ่มน้ำเพชรบุรี-ประจวบคีรีขันธ์,12.92212,99.81754,1,1,0,0
PCH003,canal/other,ท่ายาง,สสน.,ลุ่มน้ำเพชรบุรี-ประจวบคีรีขันธ์,12.81345,99.79404,1,1,0,0
PCHI,canal/other,อบต.โพธิ์ชัย,สสน.,ลุ่มน้ำเจ้าพระยา,14.9972,100.42356,0,1,0,0
PD01,canal/other,,,,,,0,0,1,0
PD02,canal/other,,,,,,0,0,1,0
PD03,canal/other,,,,,,0,0,1,0
PD04,canal/other,,,,,,0,0,1,0
PD05,canal/other,,,,,,0,0,1,0
PD06,canal/other,,,,,,0,0,1,0
PDAM,canal/other,ทต.ท่ายาง,สสน.,ลุ่มน้ำเพชรบุรี-ประจวบคีรีขันธ์,12.96333,99.89841,0,1,0,0
PICI,canal/other,อบต.ในเมือง,สสน.,ลุ่มน้ำน่าน,17.2959,100.10069,0,1,0,0
PKH1,canal/other,ที่ทำการกำนันตำบลลาดชิด,สสน.,ลุ่มน้ำเจ้าพระยา,14.44142,100.35564,0,1,0,0
PKTG,canal/other,อบต.บ้านบึง,สสน.,ลุ่มน้ำแม่กลอง,13.33639,99.45017,0,1,0,0
PKTI,canal/other,ทต.พรานกระต่าย,สสน.,ลุ่มน้ำยม,16.65376,99.57577,0,1,0,0
PLG001,canal/other,สะพานข้ามคลองบ้านท่าวัง,สสน.,ลุ่มน้ำทะเลสาบสงขลา,7.37654,100.10043,1,0,0,0
PLTL,canal/other,อบต.พลูตาหลวง,สสน.,ลุ่มน้ำชายฝั่งทะเลตะวันออก,12.69861,100.9762,0,1,0,0
PMPN,canal/other,ศูนย์ดูแลผู้สูงอายุ ทต.สามเงา,สสน.,ลุ่มน้ำปิง,17.22486,99.05115,0,1,0,0
PMTS15,canal/other,แม่น้ำมูล บ้านคันไร่,กฟผ.,ลุ่มน้ำมูล,15.26995,105.30611,1,0,0,0
PMTS16,canal/other,แม่น้ำมูล เมืองอุบลราชธานี (M.7),กฟผ.,ลุ่มน้ำมูล,15.22652,104.86159,1,0,0,0
PMTS17,canal/other,หน้าเขื่อนปากมูล,กฟผ.,ลุ่มน้ำมูล,15.28496,105.46831,1,0,0,0
PMTS2,canal/other,แม่น้ำมูล อ.ราษีไศล (M.5),กฟผ.,ลุ่มน้ำมูล,15.33716,104.15292,1,0,0,0
PMTS4,canal/other,แม่น้ำมูล วัดปากโดม,กฟผ.,ลุ่มน้ำมูล,15.30606,105.17113,1,0,0,0
PMTS5,canal/other,แม่น้ำมูล ท้ายแก่งสะพือ (M.11B),กฟผ.,ลุ่มน้ำมูล,15.23735,105.24523,1,0,0,0
PMTS7,canal/other,ลำโดมใหญ่ บ้านนาเยีย,กฟผ.,ลุ่มน้ำมูล,15.07663,105.07114,1,0,0,0
PNRN,canal/other,ทต.โป่งน้ำร้อน,สสน.,ลุ่มน้ำโตนเลสาบ,12.90515,102.26646,0,1,0,0
PN_STN1,canal/other,ปตร.อุทกวิภาชประสิทธิ (ด้านท้ายน้ำ),ชป.,ลุ่มน้ำภาคใต้ฝั่งตะวันออกตอนบน,8.32,100.21,0,1,0,0
PN_STN10,canal/other,บ้านตูล,ชป.,ลุ่มน้ำภาคใต้ฝั่งตะวันออกตอนบน,8.04,99.98,0,1,0,0
PN_STN11,canal/other,ฝายไม้เสียบ (ด้านเหนือน้ำ),ชป.,ลุ่มน้ำทะเลสาบสงขลา,7.89,99.91,0,1,0,0
PN_STN12,canal/other,บ้านปากนคร,ชป.,ลุ่มน้ำภาคใต้ฝั่งตะวันออกตอนบน,8.48,100.06,0,1,0,0
PN_STN13,canal/other,ปตร.แพรกเมือง (ด้านเหนือน้ำ),ชป.,ลุ่มน้ำภาคใต้ฝั่งตะวันออกตอนบน,8.02,100.3,0,1,0,0
PN_STN14,canal/other,บ้านปากนคร,ชป.,ลุ่มน้ำภาคใต้ฝั่งตะวันออกตอนบน,8.48,100.06,0,1,0,0
PN_STN15,canal/other,เทศบาลปากพนัง,ชป.,ลุ่มน้ำภาคใต้ฝั่งตะวันออกตอนบน,8.36,100.2,0,1,0,0
PN_STN16,canal/other,บ้านการะเกด,ชป.,ลุ่มน้ำภาคใต้ฝั่งตะวันออกตอนบน,8.09,100.13,0,1,0,0
PN_STN17,canal/other,ปตร.หน้าโกฏิ (ด้านเหนือน้ำ),ชป.,ลุ่มน้ำภาคใต้ฝั่งตะวันออกตอนบน,8.24,100.28,0,1,0,0
PN_STN2,canal/other,บ้านสองพี่น้อง,ชป.,ลุ่มน้ำภาคใต้ฝั่งตะวันออกตอนบน,8.3,100.19,0,1,0,0
PN_STN3,canal/other,ปตร.บางไทร (ด้านท้ายน้ำ),ชป.,ลุ่มน้ำภาคใต้ฝั่งตะวันออกตอนบน,8.26,100.19,0,1,0,0
PN_STN4,canal/other,บ้านปากแพรก,ชป.,ลุ่มน้ำภาคใต้ฝั่งตะวันออกตอนบน,8.22,100.2,0,1,0,0
PN_STN5,canal/other,อำเภอหัวไทร,ชป.,ลุ่มน้ำภาคใต้ฝั่งตะวันออกตอนบน,8.05,100.31,0,1,0,0
PN_STN6,canal/other,ปตร.เชียรใหญ่ (ด้านท้ายน้ำ),ชป.,ลุ่มน้ำภาคใต้ฝั่งตะวันออกตอนบน,8.17,100.14,0,1,0,0
PN_STN7,canal/other,คลองชะเมา,ชป.,ลุ่มน้ำภาคใต้ฝั่งตะวันออกตอนบน,8.25,100.01,0,1,0,0
PN_STN8,canal/other,ฝายเสาธง (ด้านท้ายน้ำ),ชป.,ลุ่มน้ำภาคใต้ฝั่งตะวันออกตอนบน,8.34,99.83,0,1,0,0
PN_STN9,canal/other,ปตร.คลองฆ้อง (ด้านท้ายน้ำ),ชป.,ลุ่มน้ำภาคใต้ฝั่งตะวันออกตอนบน,8.08,100.11,0,1,0,0
POCG,canal/other,ทต.เขาโจด,สสน.,ลุ่มน้ำแม่กลอง,14.662398,99.34225,0,1,0,0
PONG,canal/other,ทต.ปง,สสน.,ลุ่มน้ำยม,19.14992,100.26553,0,1,0,0
PPCH,canal/other,อบต.แหลมฟ้าผ่า,สสน.,ลุ่มน้ำเจ้าพระยา,13.54701,100.53756,0,1,0,0
PPPG,canal/other,อบต.ปลายโพงพาง,สสน.,ลุ่มน้ำเพชรบุรี-ประจวบคีรีขันธ์,13.38493,99.92699,0,1,0,0
PPRM,canal/other,อบต.พรหมพิราม,สสน.,ลุ่มน้ำน่าน,17.02166,100.19216,0,1,0,0
PPTC,canal/other,อบต.โพธิ์ประทับช้าง,สสน.,ลุ่มน้ำยม,16.3106,100.29533,0,1,0,0
PPYM,canal/other,อบต.ป่าพะยอม,สสน.,ลุ่มน้ำทะเลสาบสงขลา,7.835719,99.93296,0,1,0,0
PRAO,canal/other,ทต.บ้านโป่ง,สสน.,ลุ่มน้ำปิง,19.373657,99.1738,0,1,0,0
PRC001,canal/other,กบินทร์บุรี,สสน.,ลุ่มน้ำบางปะกง,13.986616,101.70547,1,1,0,0
PRC002,canal/other,เมืองปราจีนบุรี,สสน.,ลุ่มน้ำบางปะกง,14.053554,101.38684,1,1,1,0
PRC003,canal/other,นาดี,สสน.,ลุ่มน้ำบางปะกง,14.133605,101.72767,1,1,0,0
PRC004,canal/other,ประจันตคาม (KGT7A),สสน.,ลุ่มน้ำบางปะกง,14.070941,101.51893,1,1,0,0
PRC005,canal/other,ศรีมหาโพธิ (KGT6),สสน.,ลุ่มน้ำบางปะกง,13.97348,101.51751,1,1,0,0
PRGB,canal/other,อบต.ปากแคว,สสน.,ลุ่มน้ำยม,17.014,99.81417,0,1,0,0
PRN001,canal/other,ปราณบุรี,สสน.,ลุ่มน้ำเพชรบุรี-ประจวบคีรีขันธ์,12.38992,99.91119,1,1,0,0
PRN002,canal/other,หัวหิน,สสน.,ลุ่มน้ำเพชรบุรี-ประจวบคีรีขันธ์,12.50849,99.84201,1,1,0,0
PRUK,canal/other,อบต.พระรักษ์,สสน.,ลุ่มน้ำภาคใต้ฝั่งตะวันออกตอนบน,9.896225,98.88711,0,1,0,0
PSLI,canal/other,ทต.ไพศาลี,สสน.,ลุ่มน้ำเจ้าพระยา,15.60012,100.6572,0,1,0,0
PSLT,canal/other,อบต.โพธิ์ทอง,สสน.,ลุ่มน้ำปิง,16.121,99.52569,0,1,0,0
PTLE,canal/other,ทต.โพทะเล,สสน.,ลุ่มน้ำยม,16.09378,100.26013,0,1,0,0
PTTEP1,canal/other, สะพานข้ามคลองโคน,สสน.,ลุ่มน้ำเพชรบุรี-ประจวบคีรีขันธ์,13.3319,99.96896,1,0,0,0
PTTEP2,canal/other,สะพานคลองปากกิ่ว ชุมชนบ้านหาดสมบูรณ์,สสน.,ลุ่มน้ำภาคใต้ฝั่งตะวันออกตอนบน,9.51646,99.22589,1,0,0,0
PTTEP3,canal/other,สะพานนางพระยา-บางหลวง ชุมชนปากนคร,สสน.,ลุ่มน้ำภาคใต้ฝั่งตะวันออกตอนบน,8.438141,100.0304,1,0,0,0
PTTEP4,canal/other,สะพานคลองปากแตระ ชุมชนทะเลสาบสงขลา,สสน.,ลุ่มน้ำทะเลสาบสงขลา,7.779112,100.36791,1,0,0,0
PU01,canal/other,,,,,,0,0,1,0
PU02,canal/other,,,,,,0,0,1,0
PU03,canal/other,,,,,,0,0,1,0
PU04,canal/other,,,,,,0,0,1,0
PU05,canal/other,,,,,,0,0,1,0
PUAA,canal/other,อบต.ไชยวัฒนา,สสน.,ลุ่มน้ำน่าน,19.22249,100.91779,0,1,0,0
PVEE,canal/other,ทต.ปัถวี,สสน.,ลุ่มน้ำชายฝั่งทะเลตะวันออก,12.74261,102.23263,0,1,0,0
PWA004,canal/other,โครงการผลิตน้ำคลองหลวงแพ่ง,สสน.,ลุ่มน้ำบางปะกง,13.785768,100.93847,0,1,0,0
PYO001,canal/other,ท้ายกว๊านพะเยา,สสน.,ลุ่มน้ำโขงเหนือ,19.15985,99.91412,1,0,0,0
PYO003,canal/other,สะพานบ้านต๋ำ,สสน.,ลุ่มน้ำโขงเหนือ,19.21819,99.862686,1,0,0,0
PYO004,canal/other,สะพานบ้านเจดีย์งาม,สสน.,ลุ่มน้ำโขงเหนือ,19.186546,99.9439,1,0,0,0
PYO005,canal/other,สะพานข้ามน้ำอิง (I.17),สสน.,ลุ่มน้ำโขงเหนือ,19.165922,99.9343,1,0,0,0
PYO006,canal/other,สะพานคลองแม่ต๋ำ,สสน.,ลุ่มน้ำโขงเหนือ,19.09763,99.91642,1,0,0,0
PYO007,canal/other,สะพานคลองแม่กาหลง (ม.พะเยา),สสน.,ลุ่มน้ำโขงเหนือ,19.0328,99.92907,1,0,0,0
Pr.1,canal/other,บ้านเขาน้อย,ชป.,ลุ่มน้ำเพชรบุรี-ประจวบคีรีขันธ์,12.38995,99.911247,1,0,0,0
Prasri01,canal/other,ปตร.พระศรีเสาวภาคน์-เหนือน้ำ,ชป.,ลุ่มน้ำเจ้าพระยา,14.33117,100.87634,0,1,0,0
Prasri02,canal/other,ปตร.พระศรีเสาวภาคน์-ท้ายน้ำ,ชป.,ลุ่มน้ำเจ้าพระยา,14.32861,100.87768,0,1,0,0
Prasri03,canal/other,ปตร.พระศรีเสาวภาคน์-วัดบาน,ชป.,ลุ่มน้ำเจ้าพระยา,14.33018,100.87691,0,1,0,0
RAM002,canal/other,สระเก็บน้ำพระราม 9(บนฝั่ง),สสน.,ลุ่มน้ำเจ้าพระยา,14.041999,100.711685,0,1,0,0
RAY001,canal/other,เมืองแกลง,สสน.,ลุ่มน้ำชายฝั่งทะเลตะวันออก,12.802991,101.65024,1,1,0,0
RAY002,canal/other,หนองบัว,สสน.,ลุ่มน้ำชายฝั่งทะเลตะวันออก,12.849195,101.301346,1,1,0,0
RAY003,canal/other,ทับมา,สสน.,ลุ่มน้ำชายฝั่งทะเลตะวันออก,12.73787,101.22844,0,1,0,0
RAY004,canal/other,บ้านค่าย,สสน.,ลุ่มน้ำชายฝั่งทะเลตะวันออก,12.706804,101.30041,0,1,0,0
RBPI,canal/other,ทต.กรอกสมบูรณ์,สสน.,ลุ่มน้ำบางปะกง,13.77716,101.65875,0,1,0,0
RCHM,canal/other,อบต.ดอนยาง,สสน.,ลุ่มน้ำเพชรบุรี-ประจวบคีรีขันธ์,13.0146,99.97034,0,1,0,0
RF.BRK.02,canal/other,,,,,,0,0,0,1
RFBK,canal/other,ทต.ท่าข้าม,สสน.,ลุ่มน้ำบางปะกง,13.47855,100.99397,0,1,0,0
RFBKY02,canal/other,,,,,,0,0,0,1
RFSPK01,canal/other,,,,,,0,0,0,1
RGKG,canal/other,อบต.ร้องกวาง,สสน.,ลุ่มน้ำยม,18.3588,100.3339,0,1,0,0
RIO04,canal/other,สชป.04 อ.เมืองกำแพงเพชร จ.กำแพงเพชร,ชป.,ลุ่มน้ำปิง,16.53022,99.5096,0,1,0,0
RMPT,canal/other,อบต.ไร่ใหม่พัฒนา,สสน.,ลุ่มน้ำเพชรบุรี-ประจวบคีรีขันธ์,12.676544,99.773346,0,1,0,0
RNG001,canal/other,เมืองระนอง,สสน.,ลุ่มน้ำภาคใต้ฝั่งตะวันตก,9.961575,98.644485,1,1,0,0
RNGH,canal/other,ทม.ระนอง,สสน.,ลุ่มน้ำภาคใต้ฝั่งตะวันตก,9.960391,98.63781,0,1,0,0
RPBD01,canal/other,สะพานคลองแสง อ.บ้านตาขุน,กฟผ.,ลุ่มน้ำภาคใต้ฝั่งตะวันออกตอนบน,8.962559,98.814738,1,0,0,0
RPBD04,canal/other,สะพานเชี่ยวไทร อ.พนม,กฟผ.,ลุ่มน้ำภาคใต้ฝั่งตะวันออกตอนบน,8.822734,98.832075,1,0,0,0
RPBD05,canal/other,สะพานพุมดวง (วัดตาขุน) อ.บ้านตาขุน,กฟผ.,ลุ่มน้ำภาคใต้ฝั่งตะวันออกตอนบน,8.915783,98.885678,1,0,0,0
RPBD06,canal/other,สะพานท่าขนอน (วัดปราการ)อ.คีรีรัฐนิคม (X.36),กฟผ.,ลุ่มน้ำภาคใต้ฝั่งตะวันออกตอนบน,9.029581,98.969587,1,0,0,0
RPBD07,canal/other,สะพานสิริกฤตานุกุล์ (บ้านท่านหญิง)อ.วิภาวดี ,กฟผ.,ลุ่มน้ำภาคใต้ฝั่งตะวันออกตอนบน,9.24312,98.919251,1,0,0,0
RPBD08,canal/other,สะพานบ้านปากคู่(วัดนิลาราม)อ.คีรีรัฐนิคม ท. 220903,กฟผ.,ลุ่มน้ำภาคใต้ฝั่งตะวันออกตอนบน,9.068123,98.98318,1,0,0,0
RPBD09,canal/other,สะพานท่าผาก อ.พุนพิน จ.สุราษฎร์ธานี,กฟผ.,ลุ่มน้ำภาคใต้ฝั่งตะวันออกตอนบน,9.063301,99.093328,1,0,0,0
RPBD11,canal/other,สะพานอิปัน อ.พระแสง (X.37A),กฟผ.,ลุ่มน้ำภาคใต้ฝั่งตะวันออกตอนบน,8.57104,99.25391,1,0,0,0
RPBD12,canal/other,สะพานเคียนซา (ปาล์มพาราวุ้ด) อ.เคียนซา (X.217),กฟผ.,ลุ่มน้ำภาคใต้ฝั่งตะวันออกตอนบน,8.847581,99.198984,1,0,0,0
RPBD13,canal/other,สะพานบ้างอ้อ อ.พุนพิน,กฟผ.,ลุ่มน้ำภาคใต้ฝั่งตะวันออกตอนบน,9.074279,99.217619,1,0,0,0
RPBD14,canal/other,สะพานจุลจอมเกล้า อ.พุนพิน (X.5C),กฟผ.,ลุ่มน้ำภาคใต้ฝั่งตะวันออกตอนบน,9.113061,99.223751,1,0,0,0
RPBD15,canal/other,วัดโชติการาม อ.เมืองสุราษฎร์ธานี,กฟผ.,ลุ่มน้ำภาคใต้ฝั่งตะวันออกตอนบน,9.191049,99.263785,1,0,0,0
RS71,canal/other,อ่างเก็บน้ำคลองท่างิ้ว(ตัวอ่าง),ชป.,ลุ่มน้ำภาคใต้ฝั่งตะวันตก,7.84,99.69,0,1,0,0
RS73,canal/other,อ่างเก็บน้ำคลองท่างิ้ว(เหนืออ่าง 2),ชป.,ลุ่มน้ำภาคใต้ฝั่งตะวันออกตอนบน,7.86,99.74,0,1,0,0
RS74,canal/other,อ่างเก็บน้ำคลองท่างิ้ว(ท้ายอ่าง 1),ชป.,ลุ่มน้ำภาคใต้ฝั่งตะวันตก,7.83,99.68,0,1,0,0
RS75,canal/other,อ่างเก็บน้ำคลองท่างิ้ว(ท้ายอ่าง 2),ชป.,ลุ่มน้ำภาคใต้ฝั่งตะวันตก,7.81,99.59,0,1,0,0
RS76,canal/other,อ่างเก็บน้ำป่าพยอม,ชป.,ลุ่มน้ำทะเลสาบสงขลา,7.76,99.82,0,1,0,0
RS77,canal/other,อ่างเก็บน้ำป่าพยอม(ท้ายอ่าง 1),ชป.,ลุ่มน้ำทะเลสาบสงขลา,7.82,99.87,0,1,0,0
RS78,canal/other,อ่างเก็บน้ำป่าพยอม(ท้ายอ่าง 2),ชป.,ลุ่มน้ำทะเลสาบสงขลา,7.87,99.94,0,1,0,0
RS80,canal/other,อ่างเก็บน้ำคลองป่าบอน,ชป.,ลุ่มน้ำทะเลสาบสงขลา,7.17,100.08,0,1,0,0
RS81,canal/other,อ่างเก็บน้ำคลองป่าบอน(ท้ายอ่าง 1),ชป.,ลุ่มน้ำทะเลสาบสงขลา,7.18,100.11,0,1,0,0
RS82,canal/other,อ่างเก็บน้ำสะเดา(ท้ายอ่าง),ชป.,ลุ่มน้ำทะเลสาบสงขลา,6.6,100.49,0,1,0,0
RS84,canal/other,อ่างเก็บน้ำคลองหรา(เหนืออ่าง),ชป.,ลุ่มน้ำทะเลสาบสงขลา,6.85,100.29,0,1,0,0
RS86,canal/other,อ่างเก็บน้ำคลองหรา(ท้ายอ่าง 2),ชป.,ลุ่มน้ำทะเลสาบสงขลา,6.9,100.38,0,1,0,0
RS88,canal/other,อ่างเก็บน้ำคลองจำไหร(ท้ายอ่าง 1),ชป.,ลุ่มน้ำทะเลสาบสงขลา,6.83,100.35,0,1,0,0
RS89,canal/other,อ่างเก็บน้ำคลองจำไหร(ท้ายอ่าง 2),ชป.,ลุ่มน้ำทะเลสาบสงขลา,6.87,100.4,0,1,0,0
RSK7,canal/other,รร.วัดอู่ข้าว,สสน.,ลุ่มน้ำเจ้าพระยา,14.19111,100.75421,0,1,0,0
S28A,canal/other,,,,,,0,0,1,0
S39,canal/other,,,,,,0,0,1,0
SAMN,canal/other,ทต.สามง่าม,สสน.,ลุ่มน้ำยม,16.512774,100.208275,0,1,0,0
SAY001,canal/other,สุคิริน,สสน.,ลุ่มน้ำภาคใต้ฝั่งตะวันออกตอนล่าง,5.939258,101.77473,0,1,0,0
SAY002,canal/other,ศรีสาคร,สสน.,ลุ่มน้ำภาคใต้ฝั่งตะวันออกตอนล่าง,6.227293,101.49695,1,1,0,0
SBRS,canal/other,ทต.บ้านปง,สสน.,ลุ่มน้ำปิง,18.75038,98.88969,0,1,0,0
SBT1,canal/other,อบต.ชอนสารเดช,สสน.,ลุ่มน้ำเจ้าพระยา,15.18496,100.68131,0,1,0,0
SDO001,canal/other,เขตรักษาพันธุ์สัตว์ป่าเขาสอยดาว,สสน.,ลุ่มน้ำบางปะกง,13.10355,102.19194,0,1,0,0
SDO002,canal/other,ฝายจิตรมานี,สสน.,ลุ่มน้ำบางปะกง,13.11548,102.20316,0,1,0,0
SDO003,canal/other,ฝายน้ำล้นคลองปะตง (ทน.),สสน.,ลุ่มน้ำบางปะกง,13.120727,102.21833,0,1,0,0
SENM,canal/other,ทต.เสริมงาม,สสน.,ลุ่มน้ำวัง,18.06625,99.24947,0,1,0,0
SGKW,canal/other,อบต.นาไร่หลวง,สสน.,ลุ่มน้ำน่าน,19.3671,100.70087,0,1,0,0
SGMN,canal/other,ศูนย์พัฒนาเด็กเล็ก อบต.สูงเม่น,สสน.,ลุ่มน้ำยม,18.06268,100.09529,0,1,0,0
SITP,canal/other,อบต.ศรีเทพ,สสน.,ลุ่มน้ำป่าสัก,15.43789,101.16249,0,1,0,0
SKBI,canal/other,อบต.หนองลู,สสน.,ลุ่มน้ำแม่กลอง,15.19546,98.46124,0,1,0,0
SKBR,canal/other,ทต.แพรกศรีราชา,สสน.,ลุ่มน้ำเจ้าพระยา,15.049838,100.15741,0,1,0,0
SKE001,canal/other,คลองพระปรง,สสน.,ลุ่มน้ำบางปะกง,13.937376,101.922035,1,1,0,0
SKE002,canal/other,เมืองสระแก้ว,สสน.,ลุ่มน้ำบางปะกง,13.809611,102.05431,1,1,0,0
SKE003,canal/other,คลองพรหมโหด,สสน.,ลุ่มน้ำโตนเลสาบ,13.705864,102.48168,1,1,0,0
SKKG,canal/other,อบต.สะแกกรัง,สสน.,ลุ่มน้ำสะแกกรัง,15.39912,100.03506,0,1,0,0
SKM001,canal/other,สะพานนาทม,สสน.,ลุ่มน้ำโขงตะวันออกเฉียงเหนือ,17.777582,104.01503,1,0,0,0
SKM004,canal/other,ศรีสงคราม,สสน.,ลุ่มน้ำโขงตะวันออกเฉียงเหนือ,17.67484,104.28581,1,0,0,0
SKM005,canal/other,สว่างแดนดิน,สสน.,ลุ่มน้ำโขงตะวันออกเฉียงเหนือ,17.594717,103.38448,1,0,0,0
SKN001,canal/other,สะพานไอร์ปาโจ,สสน.,ลุ่มน้ำภาคใต้ฝั่งตะวันออกตอนล่าง,5.835714,101.73493,1,1,0,0
SKN002,canal/other,สะพานตาบัว บ้านยาเด๊ะ,สสน.,ลุ่มน้ำภาคใต้ฝั่งตะวันออกตอนล่าง,5.827553,101.75235,1,1,0,0
SKN003,canal/other,สะพานกะลูบี บ้านสายปารี,สสน.,ลุ่มน้ำภาคใต้ฝั่งตะวันออกตอนล่าง,5.895713,101.76639,1,1,0,0
SKPG,canal/other,รร.อนุบาล ทต.สันกำแพง,สสน.,ลุ่มน้ำปิง,18.75289,99.12771,0,1,0,0
SKT001,canal/other,ห้วยแม่ท่าแพ,สสน.,ลุ่มน้ำยม,17.43854,99.6882,1,0,0,0
SKT002,canal/other,คลองแม่มอก,สสน.,ลุ่มน้ำยม,17.22242,99.70545,1,0,0,0
SKT003,canal/other,คลองแม่รำพัน,สสน.,ลุ่มน้ำยม,17.03065,99.71174,1,0,0,0
SKT004,canal/other,สะพานบ้านคันแม่น้ำบน,สสน.,ลุ่มน้ำยม,16.81476,99.80374,1,0,0,0
SKU02,canal/other,อ.ท่าวังผา (N.64),กฟผ.,ลุ่มน้ำน่าน,19.015332,100.780161,1,0,0,0
SKU03,canal/other,อ.เมืองน่าน (N.1),กฟผ.,ลุ่มน้ำน่าน,18.77485,100.77974,1,0,0,0
SKU04,canal/other,อ.เวียงสา (N.13A) น้ำน่าน,กฟผ.,ลุ่มน้ำน่าน,18.549993,100.760637,1,0,0,0
SKU07,canal/other,อ.เวียงสา (N.75)  น้ำว้า,กฟผ.,ลุ่มน้ำน่าน,18.548273,100.808617,1,0,0,0
SK_STN01,canal/other,ชป.คลองวาด,ชป.,ลุ่มน้ำทะเลสาบสงขลา,6.99,100.38,0,1,0,0
SK_STN02,canal/other,บ้านหาร (X.181),ชป.,ลุ่มน้ำทะเลสาบสงขลา,7.06,100.45,0,1,0,0
SK_STN03,canal/other,บ้านแหลมโพธิ์ (X.194),ชป.,ลุ่มน้ำทะเลสาบสงขลา,7.16,100.47,0,1,0,0
SK_STN04,canal/other,บ้านหาดใหญ่ใน (X.44),ชป.,ลุ่มน้ำทะเลสาบสงขลา,7,100.46,0,1,0,0
SK_STN05,canal/other,คลองต่ำ,ชป.,ลุ่มน้ำทะเลสาบสงขลา,6.98,100.37,0,1,0,0
SK_STN06,canal/other,บ้านบางศาลา(X.90),ชป.,ลุ่มน้ำทะเลสาบสงขลา,6.93,100.44,0,1,0,0
SK_STN07,canal/other,คลองหวะ บ้านควนจง,ชป.,ลุ่มน้ำทะเลสาบสงขลา,6.97,100.52,0,1,0,0
SK_STN09,canal/other,บ้านม่วงก็อง (X.173A),ชป.,ลุ่มน้ำทะเลสาบสงขลา,6.82,100.44,0,1,0,0
SK_STN10,canal/other,คลองรำใหญ่,ชป.,ลุ่มน้ำทะเลสาบสงขลา,6.76,100.4,0,1,0,0
SK_STN13,canal/other,อ่างเก็บน้ำสะเดา,ชป.,ลุ่มน้ำทะเลสาบสงขลา,6.58,100.5,0,1,0,0
SLA001,canal/other,หาดใหญ่,สสน.,ลุ่มน้ำทะเลสาบสงขลา,6.98013,100.46322,0,1,0,0
SLA002,canal/other,คลองหอยโข่ง,สสน.,ลุ่มน้ำทะเลสาบสงขลา,6.931234,100.43985,1,1,0,0
SLA003,canal/other,สะเดา,สสน.,ลุ่มน้ำทะเลสาบสงขลา,6.796687,100.44239,1,1,0,0
SLA005,canal/other,ปากรอ,สสน.,ลุ่มน้ำทะเลสาบสงขลา,7.261514,100.42447,1,1,0,0
SLA007,canal/other,บางกล่ำ,สสน.,ลุ่มน้ำทะเลสาบสงขลา,7.079418,100.42788,1,1,0,0
SLBC,canal/other,อบต.สลกบาตร,สสน.,ลุ่มน้ำเจ้าพระยา,15.97907,99.82462,0,1,0,0
SMI001,canal/other,เทศบาลเมืองเกาะสมุย,สสน.,ลุ่มน้ำภาคใต้ฝั่งตะวันออกตอนบน,9.515951,99.943886,0,1,0,0
SMI002,canal/other,ร้านภูสร้อยฟ้า,สสน.,ลุ่มน้ำภาคใต้ฝั่งตะวันออกตอนบน,9.50088,100.00567,0,1,0,0
SMI003,canal/other,พรุหน้าเมือง,สสน.,ลุ่มน้ำภาคใต้ฝั่งตะวันออกตอนบน,9.43633,100.00969,0,1,0,0
SMI004,canal/other,พรุกระจูด,สสน.,ลุ่มน้ำภาคใต้ฝั่งตะวันออกตอนบน,9.490204,99.93229,0,1,0,0
SMI005,canal/other,พรุเฉวง,สสน.,ลุ่มน้ำภาคใต้ฝั่งตะวันออกตอนบน,9.531831,100.059555,0,1,0,0
SNGT,canal/other,อบต.บ้านกลาง,สสน.,ลุ่มน้ำยม,18.48198,100.17752,0,1,0,0
SNKO,canal/other,ทต.ศรีนคร,สสน.,ลุ่มน้ำยม,17.3551,99.99223,0,1,0,0
SNSI,canal/other,ทต.สันนาเม็ง,สสน.,ลุ่มน้ำปิง,18.83802,99.05691,0,1,0,0
SPPT,canal/other,อบต.นายาง,สสน.,ลุ่มน้ำวัง,17.90977,99.30969,0,1,0,0
SPWA,canal/other,อบต.ป่าแก่บ่อหิน,สสน.,ลุ่มน้ำภาคใต้ฝั่งตะวันตก,7.05861,99.80006,0,1,0,0
SRKT,canal/other,อบต.ท่าแฝก,สสน.,ลุ่มน้ำน่าน,17.94566,100.63106,0,1,0,0
SSCN,canal/other,สถานีดับเพลิง ทต.หาดเสี้ยว,สสน.,ลุ่มน้ำยม,17.524899,99.76511,0,1,0,0
SSRG,canal/other,ทต.ศรีสำโรง,สสน.,ลุ่มน้ำยม,17.16822,99.87267,0,1,0,0
STH001,canal/other,ทต.มายอ,สสน.,ลุ่มน้ำภาคใต้ฝั่งตะวันออกตอนล่าง,6.71813,101.41406,0,1,0,0
STH002,canal/other,โครงการฟาร์มตัวอย่างฯ บ้านป่าตาเขียว,สสน.,ลุ่มน้ำภาคใต้ฝั่งตะวันออกตอนล่าง,6.84301,101.4945,0,1,0,0
STH003,canal/other,ที่ว่าการอำเภอรามัน,สสน.,ลุ่มน้ำภาคใต้ฝั่งตะวันออกตอนล่าง,6.479,101.42407,0,1,0,0
STH004,canal/other,สถานีตำรวจภูธรกะพ้อ,สสน.,ลุ่มน้ำภาคใต้ฝั่งตะวันออกตอนล่าง,6.560128,101.53407,0,1,0,0
STH005,canal/other,ทต.ตันหยงมัส,สสน.,ลุ่มน้ำภาคใต้ฝั่งตะวันออกตอนล่าง,6.29462,101.72369,0,1,0,0
STH006,canal/other,อบต.บานา,สสน.,ลุ่มน้ำภาคใต้ฝั่งตะวันออกตอนล่าง,6.89117,101.26469,0,1,0,0
STH007,canal/other,ทม.ตากใบ,สสน.,ลุ่มน้ำภาคใต้ฝั่งตะวันออกตอนล่าง,6.23914,102.08368,0,1,0,0
STH008,canal/other,ที่ว่าการอำเภอกาบัง,สสน.,ลุ่มน้ำทะเลสาบสงขลา,6.427112,101.01929,0,1,0,0
STH009,canal/other,ทต.ปะลุรู,สสน.,ลุ่มน้ำภาคใต้ฝั่งตะวันออกตอนล่าง,6.08839,101.87299,0,1,0,0
STH010,canal/other,ทต.สุไหงโก-ลก,สสน.,ลุ่มน้ำภาคใต้ฝั่งตะวันออกตอนล่าง,6.00509,101.95814,0,1,0,0
STH011,canal/other,ที่ว่าการอำเภอยี่งอ,สสน.,ลุ่มน้ำภาคใต้ฝั่งตะวันออกตอนล่าง,6.40342,101.70681,0,1,0,0
STH012,canal/other,ศูนย์วิจัยข้าวปัตตานี,สสน.,ลุ่มน้ำภาคใต้ฝั่งตะวันออกตอนล่าง,6.75417,101.13338,0,1,0,0
STH013,canal/other,รร.ตชด.บ้านไอร์บือแต,สสน.,ลุ่มน้ำภาคใต้ฝั่งตะวันออกตอนล่าง,6.04925,101.57049,0,1,0,0
STH014,canal/other,ที่ว่าการอำเภอสุคีริน,สสน.,ลุ่มน้ำภาคใต้ฝั่งตะวันออกตอนล่าง,5.940152,101.77143,0,1,0,0
STH015,canal/other,สถานีฟาร์มตัวอย่างฯ บ้านลุตง,สสน.,ลุ่มน้ำภาคใต้ฝั่งตะวันออกตอนล่าง,6.65788,101.24636,0,1,0,0
STH016,canal/other,สถานีพัฒนาที่ดินยะลา,สสน.,ลุ่มน้ำภาคใต้ฝั่งตะวันออกตอนล่าง,6.17036,101.18082,0,1,0,0
STH017,canal/other,โครงการชลประทานยะลา,สสน.,ลุ่มน้ำภาคใต้ฝั่งตะวันออกตอนล่าง,6.5374,101.25938,0,1,0,0
STH018,canal/other,ที่ว่าการอำเภอกรงปินัง,สสน.,ลุ่มน้ำภาคใต้ฝั่งตะวันออกตอนล่าง,6.41084,101.27359,0,1,0,0
STH019,canal/other,หน่วยบริการประปาศรีสาคร (กปภ.สาขารือเสาะ),สสน.,ลุ่มน้ำภาคใต้ฝั่งตะวันออกตอนล่าง,6.222699,101.50231,0,1,0,0
STH020,canal/other,ปตร.ตุยง,สสน.,ลุ่มน้ำภาคใต้ฝั่งตะวันออกตอนล่าง,6.835993,101.172,0,1,0,0
STH021,canal/other,ทต.แว้ง,สสน.,ลุ่มน้ำภาคใต้ฝั่งตะวันออกตอนล่าง,5.93329,101.88209,0,1,0,0
STH022,canal/other,สวนสาธารณะ ทต.รือเสาะ,สสน.,ลุ่มน้ำภาคใต้ฝั่งตะวันออกตอนล่าง,6.38792,101.51716,0,1,0,0
STH023,canal/other,ทต.บาเจาะ,สสน.,ลุ่มน้ำภาคใต้ฝั่งตะวันออกตอนล่าง,6.51914,101.65873,0,1,0,0
STH024,canal/other,ปตร.พรุสนอ,สสน.,ลุ่มน้ำภาคใต้ฝั่งตะวันออกตอนล่าง,6.86288,101.37754,0,1,0,0
STH025,canal/other,สำนักงานเกษตรอำเภอเจาะไอร้อง,สสน.,ลุ่มน้ำภาคใต้ฝั่งตะวันออกตอนล่าง,6.22419,101.81099,0,1,0,0
STH026,canal/other,ที่ว่าการอำเภอจะแนะ,สสน.,ลุ่มน้ำภาคใต้ฝั่งตะวันออกตอนล่าง,6.09841,101.69395,0,1,0,0
STH027,canal/other,ที่ว่าการอำเภอไม้แก่น,สสน.,ลุ่มน้ำภาคใต้ฝั่งตะวันออกตอนล่าง,6.61046,101.66753,0,1,0,0
STH028,canal/other,โครงการส่งน้ำและบำรุงรักษาปัตตานี,สสน.,ลุ่มน้ำภาคใต้ฝั่งตะวันออกตอนล่าง,6.675874,101.28733,0,1,0,0
STH029,canal/other,สำนักงานเกษตรอำเภอทุ่งยางแดง,สสน.,ลุ่มน้ำภาคใต้ฝั่งตะวันออกตอนล่าง,6.61733,101.42686,0,1,0,0
STH030,canal/other,ทต.ยะรัง,สสน.,ลุ่มน้ำภาคใต้ฝั่งตะวันออกตอนล่าง,6.76416,101.30057,0,1,0,0
STH031,canal/other,รพ.สต.บ้านวังไทร,สสน.,ลุ่มน้ำภาคใต้ฝั่งตะวันออกตอนล่าง,6.00923,101.26753,0,1,0,0
STN01,canal/other,สถานีโทรมาตร บ้านคีรีล้อม ต.ช้างแรก อ.บางสะพานน้อย จ.ประจวบขีรีขันธ์,ชป.,ลุ่มน้ำเพชรบุรี-ประจวบคีรีขันธ์,11.18778,99.3275,0,1,0,0
STN02,canal/other,สถานีโทรมาตร อนามัยบ้านบางเจริญ ต.ไชยราช  อ.บางสะพานน้อย จ.ประจวบขีรีขันธ์,ชป.,ลุ่มน้ำภาคใต้ฝั่งตะวันออกตอนบน,11.00885,99.26444,0,1,0,0
STOR,canal/other,อบต.สะตอ,สสน.,ลุ่มน้ำชายฝั่งทะเลตะวันออก,12.53639,102.44429,0,1,0,0
STSK,canal/other,อบต.ดู่พงษ์,สสน.,ลุ่มน้ำน่าน,18.91166,100.94141,0,1,0,0
STU001,canal/other,เมืองสตูล,สสน.,ลุ่มน้ำภาคใต้ฝั่งตะวันตก,6.726527,100.06259,1,1,0,0
STU002,canal/other,ละงู,สสน.,ลุ่มน้ำภาคใต้ฝั่งตะวันตก,6.885757,99.804344,1,1,0,0
STU003,canal/other,มะนัง,สสน.,ลุ่มน้ำภาคใต้ฝั่งตะวันตก,6.940811,99.872925,1,1,0,0
STU004,canal/other,ควนกาหลง,สสน.,ลุ่มน้ำภาคใต้ฝั่งตะวันตก,6.928349,99.936035,1,1,0,0
STWN,canal/other,ทต.ทุ่งทราย,สสน.,ลุ่มน้ำน่าน,16.29505,99.80898,0,1,0,0
SVI001,canal/other,สวี 1,สสน.,ลุ่มน้ำภาคใต้ฝั่งตะวันออกตอนบน,10.2312,99.09844,1,1,0,0
SVI002,canal/other,สวี 2,สสน.,ลุ่มน้ำภาคใต้ฝั่งตะวันออกตอนบน,10.203275,99.04355,1,1,0,0
SWAR,canal/other,ทต.สว่างอารมณ์,สสน.,ลุ่มน้ำสะแกกรัง,15.58538,99.86514,0,1,0,0
SWH1,canal/other,อบต.บ้านพราน,สสน.,ลุ่มน้ำเจ้าพระยา,14.70217,100.29819,0,1,0,0
SWKL,canal/other,โรงฆ่าสัตว์ ทม.สวรรคโลก,สสน.,ลุ่มน้ำยม,17.3168,99.82516,0,1,0,0
SWNG,canal/other,รพสต.บ่อวิน,สสน.,ลุ่มน้ำชายฝั่งทะเลตะวันออก,13.05505,101.09782,0,1,0,0
SWR001,canal/other,สำนักสงฆ์เซปะหละ,สสน.,ลุ่มน้ำแม่กลอง,15.8149,98.87884,0,1,0,0
SWR002,canal/other,รพสต.แก่นมะกรูด,สสน.,ลุ่มน้ำแม่กลอง,15.16183,99.28896,0,1,0,0
SWR003,canal/other,อบต.วังยาว,สสน.,ลุ่มน้ำแม่กลอง,14.89012,99.37758,0,1,0,0
SWR004,canal/other,รพสต.บ้านทุ่งเสือโทน,สสน.,ลุ่มน้ำแม่กลอง,14.9588,98.9089,0,1,0,0
SWR005,canal/other,หน่วยพิทักษ์อุทยานแห่งชาติแก่งกระจาน 10,สสน.,ลุ่มน้ำเพชรบุรี-ประจวบคีรีขันธ์,12.97823,99.37312,0,1,0,0
SWR006,canal/other,วัดคะเมยกาญจนผลาราม,สสน.,ลุ่มน้ำเพชรบุรี-ประจวบคีรีขันธ์,13.00169,99.5863,0,1,0,0
SWR007,canal/other,อบต.พุสวรรค์,สสน.,ลุ่มน้ำเพชรบุรี-ประจวบคีรีขันธ์,13.00646,99.7397,0,1,0,0
SWR008,canal/other,รร.ตชด. นเรศวรบ้านห้วยโสก,สสน.,ลุ่มน้ำเพชรบุรี-ประจวบคีรีขันธ์,12.66014,99.53867,0,1,0,0
SWR009,canal/other,รร.หนองพลับวิทยา,สสน.,ลุ่มน้ำเพชรบุรี-ประจวบคีรีขันธ์,12.593676,99.72895,0,1,0,0
SWR010,canal/other,ที่ว่าการอำเภอหัวหิน,สสน.,ลุ่มน้ำเพชรบุรี-ประจวบคีรีขันธ์,12.52973,99.88109,0,1,0,0
SWR011,canal/other,ศาลากลางหมู่บ้านแพรกตะลุย,สสน.,ลุ่มน้ำเพชรบุรี-ประจวบคีรีขันธ์,12.32247,99.62341,0,1,0,0
SWR012,canal/other,ประปาหมู่บ้านคลองเพลิน,สสน.,ลุ่มน้ำเพชรบุรี-ประจวบคีรีขันธ์,11.32008,99.39444,0,1,0,0
SWR013,canal/other,รร.บ้านดงไม้งาม,สสน.,ลุ่มน้ำเพชรบุรี-ประจวบคีรีขันธ์,11.31588,99.4664,0,1,0,0
SWR014,canal/other,น้ำตกไทรคู่,สสน.,ลุ่มน้ำเพชรบุรี-ประจวบคีรีขันธ์,11.24847,99.33681,0,1,0,0
SWR015,canal/other,สำนักงานเกษตรอำเภอบางสะพาน,สสน.,ลุ่มน้ำเพชรบุรี-ประจวบคีรีขันธ์,11.24181,99.48108,0,1,0,0
SWR016,canal/other,ศาลากลางหมู่บ้านในล๊อค,สสน.,ลุ่มน้ำเพชรบุรี-ประจวบคีรีขันธ์,11.18113,99.35563,0,1,0,0
SWR017,canal/other,รร.บ้านดอกแดง,สสน.,ลุ่มน้ำภาคใต้ฝั่งตะวันตก,8.775754,98.329155,0,1,0,0
SWR018,canal/other,รร.บ้านท่าหัน,สสน.,ลุ่มน้ำภาคใต้ฝั่งตะวันตก,8.82912,98.49197,0,1,0,0
SWR019,canal/other,รร.บ้านช้างเชื่อ,สสน.,ลุ่มน้ำภาคใต้ฝั่งตะวันตก,8.74471,98.48924,0,1,0,0
SWR020,canal/other,ศูนย์พัฒนาเด็กเล็ก อบต.ท่านา,สสน.,ลุ่มน้ำภาคใต้ฝั่งตะวันตก,8.67848,98.41658,0,1,0,0
SWR021,canal/other,อบต.ตะปาน,สสน.,ลุ่มน้ำภาคใต้ฝั่งตะวันออกตอนบน,8.86669,99.14691,0,1,0,0
SWR022,canal/other,รพ.สต.เวียงสระ,สสน.,ลุ่มน้ำภาคใต้ฝั่งตะวันออกตอนบน,8.65592,99.29936,0,1,0,0
SWR023,canal/other,ทต.ปลายพระยา,สสน.,ลุ่มน้ำภาคใต้ฝั่งตะวันออกตอนบน,8.53284,98.86406,0,1,0,0
SWR024,canal/other,ทต.จันดี,สสน.,ลุ่มน้ำภาคใต้ฝั่งตะวันออกตอนบน,8.38823,99.54064,0,1,0,0
SWR025,canal/other,ฝายคลองท่าเลา,สสน.,ลุ่มน้ำภาคใต้ฝั่งตะวันตก,8.232547,99.70778,1,1,0,0
SWR026,canal/other,รร.บ้านพูน,สสน.,ลุ่มน้ำภาคใต้ฝั่งตะวันตก,8.03829,99.6431,0,1,0,0
SWR027,canal/other,อบต.อ่าวตง,สสน.,ลุ่มน้ำภาคใต้ฝั่งตะวันตก,7.85577,99.38441,0,1,0,0
SWR028,canal/other,รร.บ้านหนองคล้า,สสน.,ลุ่มน้ำภาคใต้ฝั่งตะวันตก,7.61854,99.4491,0,1,0,0
SWR029,canal/other,รร.วัดควนสีนวล,สสน.,ลุ่มน้ำภาคใต้ฝั่งตะวันตก,7.52714,99.73756,0,1,0,0
SWR030,canal/other,รร.บ้านลำปลอกเหนือ,สสน.,ลุ่มน้ำภาคใต้ฝั่งตะวันตก,7.35493,99.81481,0,1,0,0
SWR031,canal/other,รพสต.บ้านเขาปู่,สสน.,ลุ่มน้ำทะเลสาบสงขลา,7.70951,99.83803,0,1,0,0
SWR032,canal/other,รพสต.บ้านลำกะ,สสน.,ลุ่มน้ำทะเลสาบสงขลา,7.58376,99.97159,0,1,0,0
SWR033,canal/other,ทม.พัทลุง,สสน.,ลุ่มน้ำทะเลสาบสงขลา,7.61829,100.07377,0,1,0,0
SWR034,canal/other,รร.บ้านเหมืองตะกั่ว,สสน.,ลุ่มน้ำทะเลสาบสงขลา,7.213239,100.079414,0,1,0,0
SWR035,canal/other,สนามทับทุ่ม บ้านวังนาใน หมู่ที่ 10,สสน.,ลุ่มน้ำภาคใต้ฝั่งตะวันตก,7.13571,99.93736,0,1,0,0
SWR036,canal/other,มัสยิดกาวมินมูฮายีริน,สสน.,ลุ่มน้ำภาคใต้ฝั่งตะวันตก,7.088325,100.00196,0,1,0,0
SWR037,canal/other,รร.ผังปาล์ม 4,สสน.,ลุ่มน้ำภาคใต้ฝั่งตะวันตก,7.02235,99.93085,0,1,0,0
SWR038,canal/other,มูศ๊อลลา(มัสยิด)ชูฮาดา,สสน.,ลุ่มน้ำภาคใต้ฝั่งตะวันตก,6.96422,100.02687,0,1,0,0
SYKP,canal/other,ทต.ปากตะโก,สสน.,ลุ่มน้ำภาคใต้ฝั่งตะวันออกตอนบน,10.100547,99.13784,0,1,0,0
SYTL,canal/other,อบต.วังงิ้ว,สสน.,ลุ่มน้ำเจ้าพระยา,16.01561,100.73281,0,1,0,0
Sw.5A,canal/other,บ้านท่าโป่งแดง,ชป.,ลุ่มน้ำสาละวิน,19.27033,97.945213,1,0,0,0
T-LCK1,canal/other,สถานีโทรมาตร บึงปรือ,ชป.,ลุ่มน้ำป่าสัก,15.30734,101.45253,0,1,0,0
T.1,canal/other,ที่ว่าการอ.นครชัยศรี,ชป.,ลุ่มน้ำท่าจีน,13.80096,100.188026,1,1,0,0
T.13,canal/other,บ้านบางการ้อง,ชป.,ลุ่มน้ำท่าจีน,14.157,100.127907,1,1,0,0
T.14,canal/other,ร.ร.บ้านสามพราน,ชป.,ลุ่มน้ำท่าจีน,13.72411,100.215683,1,1,0,0
T.15,canal/other,วัดบางไผ่นารถ,ชป.,ลุ่มน้ำท่าจีน,14.05221,100.175087,1,1,0,0
T.ปตร.ช่องแค,canal/other,ปตร.ช่องแค อ.ตาคลี จ.นครสวรรค,ชป.,ลุ่มน้ำเจ้าพระยา,15.14548,100.41172,0,1,0,0
T.ปตร.บรมธาตุ,canal/other,ปตร.บรมธาตุ อ.เมือง จ.ชัยนาท,ชป.,ลุ่มน้ำเจ้าพระยา,15.15713,100.15298,0,1,0,0
T.ปตร.ผักไห่,canal/other,ปตร.ผักไห่ อ.ผักไห่ จ.อยุธยา,ชป.,ลุ่มน้ำเจ้าพระยา,14.43801,100.37689,0,1,0,0
T.ปตร.พระศรีเสาวภาค,canal/other,ปตร.พระศรีเสาวภาค ต.หนองแค อ.หนองแค จ.สระบุรี,ชป.,ลุ่มน้ำเจ้าพระยา,14.33514,100.87094,0,1,0,0
T.ปตร.พลเทพ,canal/other,ปตร.พลเทพ ต.หาดท่าเสา อ.เมือง จ.ชัยนาท,ชป.,ลุ่มน้ำเจ้าพระยา,15.21691,100.07259,0,1,0,0
T.ปตร.มะขามเฒ่า,canal/other,ปตร.มะขามเฒ่า ต.มะขามเฒ่า อ.วัดสิงห์ จ.ชัยนาท,ชป.,ลุ่มน้ำท่าจีน,15.22246,100.06222,0,1,0,0
T.ปตร.มโนรมย์,canal/other,ปตร.มโนรมย์ ต.วัดโคก อ.มโนรมย์ จ.ชัยนาท,ชป.,ลุ่มน้ำเจ้าพระยา,15.3291,100.10484,0,1,0,0
T.ปตร.ลพบุรี,canal/other,ปตร.ลพบุรี อ.เมือง จ.สิงห์บุรี,ชป.,ลุ่มน้ำเจ้าพระยา,14.92659,100.27734,0,1,0,0
T.ปตร.เริงราง,canal/other,ปตร.เริงราง อ.บ้านหมอ จ.สระบุรี,ชป.,ลุ่มน้ำเจ้าพระยา,14.65358,100.74142,0,1,0,0
T.ปตร.โคกกะเทียม,canal/other,ปตร.โคกกะเทียม อ.เมือง จ.ลพบุรี,ชป.,ลุ่มน้ำเจ้าพระยา,14.90025,100.59626,0,1,0,0
T.ฝายแม่ยม,canal/other,ฝายแม่ยม อ.สอง จ.แพร่,ชป.,ลุ่มน้ำยม,18.48417,100.16139,0,1,0,0
T10,canal/other,อำเภอเมืองสุพรรณบุรี,ชป.,ลุ่มน้ำท่าจีน,14.466065,100.115113,0,1,0,0
TADE01,canal/other,โรงเรียนวัดโคกโพธิ์สถิตย์,สสน.,ลุ่มน้ำภาคใต้ฝั่งตะวันออกตอนบน,8.40118,99.802,1,1,0,0
TAKI,canal/other,อบต.ตาคลี,สสน.,ลุ่มน้ำเจ้าพระยา,15.29119,100.38288,0,1,0,0
TAKL,canal/other,อบต.ตาดกลอย,สสน.,ลุ่มน้ำป่าสัก,17.0035,101.36601,0,1,0,0
TANA,canal/other,อบต.นครชัยศรี,สสน.,ลุ่มน้ำท่าจีน,13.79036,100.19051,0,1,0,0
TAPE,canal/other,ทต.ช้างเผือก,สสน.,ลุ่มน้ำปิง,18.8101,98.96992,0,1,0,0
TATK,canal/other,รพ.สต.ท่าตะคร้อ,สสน.,ลุ่มน้ำเพชรบุรี-ประจวบคีรีขันธ์,13.11756,99.73132,0,1,0,0
TB0001,canal/other,บ้านกาใส,สสน.,ลุ่มน้ำน่าน,18.86399,100.67626,0,1,0,0
TB0002,canal/other,สะพานสองแคว,สสน.,ลุ่มน้ำน่าน,18.862501,100.64116,0,1,0,0
TB0004,canal/other,คลองแม่น้ำใน,สสน.,ลุ่มน้ำเจ้าพระยา,14.30168,100.94521,0,1,0,0
TB0005,canal/other,อบต.เจริญธรรม,สสน.,ลุ่มน้ำเจ้าพระยา,14.37807,101.00021,0,1,0,0
TB0006,canal/other,สะพานโยธาอำนวยพัฒนา,สสน.,ลุ่มน้ำปิง,18.57391,98.86222,1,1,0,0
TB0007,canal/other,ที่ว่าการอำเภอแม่วาง,สสน.,ลุ่มน้ำปิง,18.61261,98.77524,0,1,0,0
TBR011,canal/other,อบต.เวียงตาล,สสน.,ลุ่มน้ำวัง,18.31132,99.3252,0,1,0,0
TBR012,canal/other,อบต.บ้านหนองตางู,สสน.,ลุ่มน้ำน่าน,16.12494,100.05774,0,1,0,0
TBR013,canal/other,อบต.ท่าเสา,สสน.,ลุ่มน้ำน่าน,15.98997,100.22159,0,1,0,0
TBR014,canal/other,อบต.นาโป่ง,สสน.,ลุ่มน้ำวัง,17.64426,99.1627,0,1,0,0
TBR015,canal/other,สวนเพชรล้านนา,สสน.,ลุ่มน้ำวัง,18.80307,99.58371,0,1,0,0
TBR022,canal/other,บ้านน้ำเย็น,สสน.,ลุ่มน้ำภาคใต้ฝั่งตะวันออกตอนบน,10.58877,99.03119,0,1,0,0
TBW008,canal/other,ฝ่ายส่งน้ำและบำรุงรักษาที่ 2,สสน.,ลุ่มน้ำปิง,18.88353,99.08182,1,1,0,0
TBW009,canal/other,อ่างเก็บน้ำแม่เกี๋ยง,สสน.,ลุ่มน้ำวัง,18.43277,99.49828,0,1,0,0
TBW014,canal/other,สะพานข้ามคลองเกรียงไกร,สสน.,ลุ่มน้ำน่าน,15.84312,100.21149,0,1,0,0
TBW020,canal/other,สะพานข้ามคลองคดศอก,สสน.,ลุ่มน้ำภาคใต้ฝั่งตะวันออกตอนบน,10.755658,99.17954,0,1,0,0
TBW021,canal/other,สะพานมิตรภาพรับร่อ-หินแก้ว,สสน.,ลุ่มน้ำภาคใต้ฝั่งตะวันออกตอนบน,10.607499,99.095345,1,1,0,0
TBW022,canal/other,สะพานแม่ฟ้าหลวง,สสน.,ลุ่มน้ำโขงเหนือ,19.92195,99.81826,1,0,0,0
TBW023,canal/other,คลองแม่พุง,สสน.,ลุ่มน้ำโขงเหนือ,19.56656,99.98423,1,0,0,0
TBW024,canal/other,สะพานอิงอุดม,สสน.,ลุ่มน้ำโขงเหนือ,20.19635,100.44173,1,0,0,0
TBW025,canal/other,คลองปาว,สสน.,ลุ่มน้ำชี,16.259254,103.69041,1,0,0,0
TBW026,canal/other,ห้วยยัง,สสน.,ลุ่มน้ำชี,16.603594,103.96229,1,0,0,0
TBW027,canal/other,ลำน้ำอูน,สสน.,ลุ่มน้ำโขงตะวันออกเฉียงเหนือ,17.322742,103.97923,1,0,0,0
TBW028,canal/other,บ้านโพธิ์ชัยทอง,สสน.,ลุ่มน้ำโขงตะวันออกเฉียงเหนือ,17.59971,103.98087,1,0,0,0
TBW030,canal/other,ลำน้ำพุง,สสน.,ลุ่มน้ำโขงตะวันออกเฉียงเหนือ,16.996609,104.17364,1,0,0,0
TBW032,canal/other,ลำน้ำก่ำ,สสน.,ลุ่มน้ำโขงตะวันออกเฉียงเหนือ,17.03068,104.41476,1,0,0,0
TBW033,canal/other,ลำเซบาย,สสน.,ลุ่มน้ำมูล,16.195435,104.52569,1,0,0,0
TBW034,canal/other,อ่างเก็บน้ำห้วยซับเหล็ก,สสน.,ลุ่มน้ำเจ้าพระยา,14.814826,100.77581,0,1,0,0
TBW035,canal/other,อ่างเก็บน้ำห้วยส้ม,สสน.,ลุ่มน้ำป่าสัก,14.865248,100.861244,0,1,0,0
TC.12,canal/other,กรมชลประทาน ถนนสามเสน กทม,ชป.,ลุ่มน้ำเจ้าพระยา,13.78722,100.51639,0,1,0,0
TC.2,canal/other,สถานีโทรมาตร อ.เมือง จ.นครสวรรค์,ชป.,ลุ่มน้ำเจ้าพระยา,15.67053,100.10956,0,1,0,0
TC.22,canal/other,กรมชลประทาน อ.ปากเกร็ด จ.นนทบุรี,ชป.,ลุ่มน้ำเจ้าพระยา,13.89639,100.49417,0,1,0,0
TC.3,canal/other,สถานีโทรมาตร อ.เมือง จ.สิงห์บุรี,ชป.,ลุ่มน้ำเจ้าพระยา,14.89897,100.40097,0,1,0,0
TC.4,canal/other,สถานีโทรมาตร สะพานพุทธ กทม.,ชป.,ลุ่มน้ำเจ้าพระยา,13.73903,100.49558,0,1,0,0
TC.7A,canal/other,สถานีโทรมาตร อ.เมือง จ.อ่างทอง,ชป.,ลุ่มน้ำเจ้าพระยา,14.59053,100.45514,0,1,0,0
TCY26,canal/other,,,,,,0,0,0,1
TCY37,canal/other,ปตร.เริงราง,ชป.,ลุ่มน้ำป่าสัก,14.65387,100.74241,0,1,0,1
TCY38,canal/other,เขื่อนพระรามหก,ชป.,ลุ่มน้ำป่าสัก,14.55928,100.76169,0,1,0,0
TCY42,canal/other,ปตร.มโนรมย์,ชป.,ลุ่มน้ำเจ้าพระยา,15.32949,100.10381,0,1,0,0
TCY43,canal/other,ปตร.บรมธาตุ,ชป.,ลุ่มน้ำเจ้าพระยา,15.15715,100.15427,0,1,0,0
TCY44,canal/other,ปตร.มหาราช,ชป.,ลุ่มน้ำเจ้าพระยา,15.15886,100.17323,0,1,0,0
TCY45,canal/other,ปตร.ช่องแค,ชป.,ลุ่มน้ำเจ้าพระยา,15.14254,100.41196,0,1,0,0
TCt.2A,canal/other,สถานีโทรมาตร  อ.เมือง จ.อุทัยธานี,ชป.,ลุ่มน้ำสะแกกรัง,15.41056,100.0575,0,1,0,0
TCt.5A,canal/other,สถานีโทรมาตร อ.ขารนุวรลักษ์บุรี จ.กำแพงเพชร,ชป.,ลุ่มน้ำสะแกกรัง,15.92873,99.50243,0,1,0,0
TD01,canal/other,,,,,,0,0,1,0
TD02,canal/other,,,,,,0,0,1,0
TD03,canal/other,,,,,,0,0,1,0
TD04,canal/other,,,,,,0,0,1,0
TD05,canal/other,,,,,,0,0,1,0
TD06,canal/other,,,,,,0,0,1,0
TD07,canal/other,,,,,,0,0,1,0
TD08,canal/other,,,,,,0,0,1,0
TD09,canal/other,,,,,,0,0,1,0
TETN,canal/other,อบต.แม่ปะ,สสน.,ลุ่มน้ำวัง,17.65177,99.26762,0,1,0,0
TGCG,canal/other,ที่ว่าการอำเภอทุ่งช้าง,สสน.,ลุ่มน้ำน่าน,19.38663,100.87583,0,1,0,0
TGLG,canal/other,อบต.ทุ่งแล้ง,สสน.,ลุ่มน้ำยม,17.97043,99.7466,0,1,0,0
TGLM,canal/other,อบต.ป่าหวาย,สสน.,ลุ่มน้ำแม่กลอง,13.57983,99.43312,0,1,0,0
TGSK,canal/other,ทต.ทองแสนขัน,สสน.,ลุ่มน้ำน่าน,17.46789,100.33244,0,1,0,0
THCG,canal/other,ทต.ทุ่งหัวช้าง,สสน.,ลุ่มน้ำปิง,18.00348,99.02688,0,1,0,0
THNM,canal/other,อบต.ดงพระรามณ์,สสน.,ลุ่มน้ำบางปะกง,14.06278,101.41372,0,1,0,0
THTN,canal/other,ทม.ตะพานหิน,สสน.,ลุ่มน้ำน่าน,16.21103,100.41947,0,1,0,0
TK.10,canal/other,สถานีโทรมาตรบ้านลุ่มสุ่ม อ.ไทรโยค จ.กาญจนบุรี,ชป.,ลุ่มน้ำแม่กลอง,14.0932,99.17487,0,1,0,0
TK.11A,canal/other,สถานีโทรมาตร บ้านวังขนาย ต.วังขนาย อ.ท่าม่วง จ.กาญจนบุรี,ชป.,ลุ่มน้ำแม่กลอง,13.95103,99.64552,0,1,0,0
TK.12,canal/other,สถานีโทรมาตรวัดทุ่งนานางหรอก อ.เมือง จ.กาญจนบุรี,ชป.,ลุ่มน้ำแม่กลอง,14.175,99.4341,0,1,0,0
TK.13,canal/other,สถานีโทรมาตร วัดท่าขนุน ต.ท่าขนุน อ.ทองผาภูมิ จ.กาญจนบุรี,ชป.,ลุ่มน้ำแม่กลอง,14.74254,98.63544,0,1,0,0
TK.2B,canal/other,สถานีโทรมาตร วัดท่าโขลง ต.หลุมดิน อ.เมือง จ.ราชบุรี,ชป.,ลุ่มน้ำแม่กลอง,13.55969,99.81718,0,1,0,0
TK.31,canal/other,สถานีโทรมาตร บ้านน้ำโจน ต.ไทรโยค อ.ไทรโยค จ.กาญจนบุรี,ชป.,ลุ่มน้ำแม่กลอง,14.4343,98.80927,0,1,0,0
TK.32A,canal/other,สถานีโทรมาตร ห้วยบ้องตี้ ต.วังกระแจะ อ.ไทรโยค จ.กาญจนบุรี,ชป.,ลุ่มน้ำแม่กลอง,14.27655,98.93094,0,1,0,0
TK.35A,canal/other,สถานีโทรมาตร บ้านหนองบัว ต.หนองบัว อ.เมือง จ.กาญจนบุรี,ชป.,ลุ่มน้ำแม่กลอง,14.06036,99.44425,0,1,0,0
TK.36,canal/other,สถานีโทรมาตร บ้านท่ามะนาว ต.วังด้ง อ.เมือง จ.กาญจนบุรี,ชป.,ลุ่มน้ำแม่กลอง,14.16484,99.27567,0,1,0,0
TK.37A,canal/other,สถานีโทรมาตร วัดยางเกาะ ต.กลอนโด อ.ด่านมะขามเตี้ย จ.กาญจนบุรี,ชป.,ลุ่มน้ำแม่กลอง,13.90122,99.46219,0,1,0,0
TK.3A,canal/other,สถานีโทรมาตร บ้านลุ่มดงกระเบา ต.ปากแพรก อ.เมือง จ.กาญจนบุรี,ชป.,ลุ่มน้ำแม่กลอง,13.99669,99.53854,0,1,0,0
TK.49,canal/other,สถานีโทรมาตร บ้านยางสูง ต.หลุมรัง อ.บ่อพลอย จ.กาญจนบุรี,ชป.,ลุ่มน้ำแม่กลอง,14.48946,99.46952,0,1,0,0
TK.54,canal/other,สถานีโทรมาตร บ้านลิ่นถิ่น ต.ไทรโยค อ.โทรโยค จ.กาญจนบุรี,ชป.,ลุ่มน้ำแม่กลอง,14.53491,98.78751,0,1,0,0
TK.55A,canal/other,สถานีโทรมาตร บ้านหัวเกาะ ต.หัวเกาะ อ.บ้านโป่ง จ.ราชบุรี,ชป.,ลุ่มน้ำแม่กลอง,13.831,99.86534,0,1,0,0
TK.57,canal/other,สถานีโทรมาตร อ.บางคนที ต.กระดังงา อ.บางคนที จ.สมุทรสงคราม,ชป.,ลุ่มน้ำแม่กลอง,13.46898,99.94004,0,1,0,0
TK.58A,canal/other,สถานีโทรมาตร บ้านเขาพัง ต.วังกระแจะ อ.ไทรโยค จ.กาญจนบุรี,ชป.,ลุ่มน้ำแม่กลอง,14.22022,99.05157,0,1,0,0
TK.62A,canal/other,สถานีโทรมาตร วัดท่าแย้ ต.ด่านมะขามเตี้ย อ.ด่านมะขามเตี้ย จ.กาญจนบุรี,ชป.,ลุ่มน้ำแม่กลอง,14.48946,99.46952,0,1,0,0
TK.65,canal/other,ฝายทดน้ำบ้านลำเหย อ.บ่อพลอย จ.กาญจนบุรี,ชป.,ลุ่มน้ำแม่กลอง,14.4678,99.49722,0,1,0,0
TK.66,canal/other,สถานีโทรมาตรวัดประชุมพลแสน,ชป.,ลุ่มน้ำแม่กลอง,13.56139,99.36056,0,1,0,0
TK.67,canal/other,สถานีโทรมาตรวัดศรีมงคล,ชป.,ลุ่มน้ำแม่กลอง,14.01778,99.15917,0,1,0,0
TK.68,canal/other,สถานีโทรมาตรสะพานข้ามลำภาชี,ชป.,ลุ่มน้ำแม่กลอง,13.75194,99.43722,0,1,0,0
TK.69,canal/other,สถานีโทรมาตรวัดหนองไม้เอื้อย อ.หนองปรือ จ.กาญจนบุรี,ชป.,ลุ่มน้ำแม่กลอง,14.5475,99.46278,0,1,0,0
TK.70,canal/other,สถานีโทรมาตรฝายบ้านคา,ชป.,ลุ่มน้ำแม่กลอง,13.4325,99.4038,0,1,0,0
TK.71,canal/other,สถานีโทรมาตรวัดวันดาว,ชป.,ลุ่มน้ำเพชรบุรี-ประจวบคีรีขันธ์,13.35972,99.86389,0,1,0,0
TK.73,canal/other,สถานีโทรมาตรวัดไทร,ชป.,ลุ่มน้ำแม่กลอง,13.46704,99.94672,0,1,0,0
TK.75,canal/other,ประตูระบายน้ำปากคลองบางป่า,ชป.,ลุ่มน้ำแม่กลอง,13.53346,99.86142,0,1,0,0
TK.76,canal/other,ประตูระบายน้ำกลางคลองบางป่า,ชป.,ลุ่มน้ำแม่กลอง,13.57619,99.86358,0,1,0,0
TK.77,canal/other,สถานีโทรมาตรวัดลิ่นถิ่น,ชป.,ลุ่มน้ำแม่กลอง,14.5611,98.7317,0,1,0,0
TK.78,canal/other,สะพานโรงโม่หิน,ชป.,ลุ่มน้ำแม่กลอง,13.48286,99.70607,0,1,0,0
TK.79,canal/other,ประตูระบายน้ำปากคลองท่าสาร - บางปลา,ชป.,ลุ่มน้ำท่าจีน,13.96998,99.72179,0,1,0,0
TK.80,canal/other,ประตูระบายน้ำคลองจระเข้สามพัน,ชป.,ลุ่มน้ำท่าจีน,14.13497,99.71018,0,1,0,0
TKFA,canal/other,อบต.ตากฟ้า,สสน.,ลุ่มน้ำเจ้าพระยา,15.2965,100.50282,0,1,0,0
TKL.R1,canal/other,สถานีโทรมาตร บ้านบาลา อ.แว้ง จ.นราธิวาส,ชป.,ลุ่มน้ำภาคใต้ฝั่งตะวันออกตอนล่าง,5.81568,101.8517,0,1,0,0
TKL.R2,canal/other,สถานีโทรมาตร บ้านราษฎร์พัฒนา อ.แว้ง จ.นราธิวาส,ชป.,ลุ่มน้ำภาคใต้ฝั่งตะวันออกตอนล่าง,5.86573,101.88036,0,1,0,0
TKNT,canal/other,ทต.ตะเคียนทอง,สสน.,ลุ่มน้ำชายฝั่งทะเลตะวันออก,12.9131,102.0815,0,1,0,0
TKP-R1,canal/other,บ้านดอกแดง,ชป.,ลุ่มน้ำภาคใต้ฝั่งตะวันตก,8.76,98.32,0,1,0,0
TKP-R2,canal/other,โรงเรียนบ้านช้างเชื่อ,ชป.,ลุ่มน้ำภาคใต้ฝั่งตะวันตก,8.74,98.49,0,1,0,0
TKP-R3,canal/other,รพ.ส่งเสริมสุขภาพตำบลกะปง,ชป.,ลุ่มน้ำภาคใต้ฝั่งตะวันตก,8.68,98.44,0,1,0,0
TKP001,canal/other,ตะกั่วป่า,สสน.,ลุ่มน้ำภาคใต้ฝั่งตะวันตก,8.775847,98.390274,0,1,0,0
TKP002,canal/other,เมืองพังงา,สสน.,ลุ่มน้ำภาคใต้ฝั่งตะวันตก,8.477331,98.52832,1,1,0,0
TKRA,canal/other,อบต.คลองเฉลิม,สสน.,ลุ่มน้ำทะเลสาบสงขลา,7.38226,99.98037,0,1,0,0
TKgt.10,canal/other,สถานีโทรมาตร บ้านเนินผาสุก สระขวัญ อ.เมือง จ.สระแก้ว,ชป.,ลุ่มน้ำบางปะกง,13.80952,102.05388,0,1,0,0
TKgt.18,canal/other,สียัด,ชป.,ลุ่มน้ำบางปะกง,13.47611,101.62388,0,1,0,0
TKgt.3,canal/other,กบินทร์บุรี,ชป.,ลุ่มน้ำบางปะกง,13.98604,101.70456,0,1,0,0
TKgt.44,canal/other,สถานีโทรมาตร บ้านแก่งไทร หนองบอน อ.เมือง จ.สระแก้ว,ชป.,ลุ่มน้ำบางปะกง,13.85584,102.14143,0,1,0,0
TKgt.52,canal/other,สถานีโทรมาตร วัดสง่างาม บางบริบูรณ์  อ.เมือง จ.ปราจีนบุรี,ชป.,ลุ่มน้ำบางปะกง,14.03164,101.42646,0,1,0,0
TKgt.53,canal/other,สถานีโทรมาตร บ้านตะเภาลาย(วัดหัวไผ่) บางพลวง อ.บ้านสร้าง จ.ปราจีนบุรี,ชป.,ลุ่มน้ำบางปะกง,14.01132,101.26594,0,1,0,0
TKgt.54,canal/other,ปากแม่น้ำบางประกง,ชป.,ลุ่มน้ำบางปะกง,13.47406,100.98343,0,1,0,0
TKgt.56,canal/other,สถานีโทรมาตร คลองยาง ท่าเกษม อ.เมือง จ.สระแก้ว,ชป.,ลุ่มน้ำบางปะกง,13.82406,102.17786,0,1,0,0
TKgt.58,canal/other,เขื่อนทดน้ำบางประกง,ชป.,ลุ่มน้ำบางปะกง,13.70755,101.13667,0,1,0,0
TKgt.61,canal/other,หอทอง,ชป.,ลุ่มน้ำบางปะกง,13.96086,101.2164,0,1,0,0
TKgt.62,canal/other,ศรีมหาโพธิ์,ชป.,ลุ่มน้ำบางปะกง,13.97275,101.51258,0,1,0,0
TKgt.63,canal/other,วัดใหม่บางคล้า,ชป.,ลุ่มน้ำบางปะกง,13.69553,101.16468,0,1,0,0
TKgt.64,canal/other,ทำนพดินเดิม,ชป.,ลุ่มน้ำบางปะกง,13.69194,101.13198,0,1,0,0
TKgt13A,canal/other,สถานีโทรมาตร บ้านกุดบอน,ชป.,ลุ่มน้ำบางปะกง,13.90968,101.83828,0,1,0,0
TKgt43,canal/other,สถานีโทรมาตร สำนักสงฆ์ บ้านท่าพระจันทร์,ชป.,ลุ่มน้ำบางปะกง,13.87606,102.31342,0,1,0,0
TKgt45,canal/other,สถานีโทรมาตร บ้านตาเรืองล่าง,ชป.,ลุ่มน้ำบางปะกง,13.20813,102.16864,0,1,0,0
TKgt46,canal/other,สถานีโทรมาตร บ้านวังเจริญ,ชป.,ลุ่มน้ำบางปะกง,13.43811,102.0799,0,1,0,0
TKgt47,canal/other,สถานีโทรมาตร บ้านด่านชัยพัฒนา,ชป.,ลุ่มน้ำบางปะกง,13.55433,102.04499,0,1,0,0
TKgt48,canal/other,สถานีโทรมาตร บ้านเนินหินกอง,ชป.,ลุ่มน้ำบางปะกง,13.78201,101.90056,0,1,0,0
TKgt50,canal/other,สถานีโทรมาตร บ้านตะคร้อเหนือ,ชป.,ลุ่มน้ำบางปะกง,14.18369,101.74706,0,1,0,0
TLA-R1,canal/other,โรงเรียนบ้านหนองหอยโข่ง,ชป.,ลุ่มน้ำภาคใต้ฝั่งตะวันตก,6.99,99.85,0,1,0,0
TLA-R2,canal/other,บ้านทับทุ่ง,ชป.,ลุ่มน้ำภาคใต้ฝั่งตะวันตก,7.14,99.94,0,1,0,0
TLAN,canal/other,อบต.บุพราหมณ์,สสน.,ลุ่มน้ำบางปะกง,14.20791,101.90556,0,1,0,0
TLMU,canal/other,ทต.ลำแก่น,สสน.,ลุ่มน้ำภาคใต้ฝั่งตะวันตก,8.59675,98.25739,0,1,0,0
TM-R3,canal/other,T บึงปรือ,ชป.,ลุ่มน้ำป่าสัก,15.307,101.45299,0,1,0,0
TMK01,canal/other,วัดศรัทธาธรรม ต.บางจะเกร็ง อ.เมือง จ.สมุทรสงคราม,ชป.,ลุ่มน้ำแม่กลอง,13.37792,99.99225,0,1,0,0
TMK02,canal/other,วัดพุตะเคียน ต.ท่าเสา อ.ไทรโยค จ.กาญจนบุรี,ชป.,ลุ่มน้ำแม่กลอง,14.29047,99.00764,0,1,0,0
TMK03,canal/other,ปตร.บางนกแขวก ต.บางนกแขวก อ.บางคนที จ.สมุทรสงคราม,ชป.,ลุ่มน้ำแม่กลอง,13.50003,99.92735,0,1,0,0
TMLI,canal/other,ทต.วังใหม่,สสน.,ลุ่มน้ำภาคใต้ฝั่งตะวันออกตอนบน,10.50381,98.98581,0,1,0,0
TN.01,canal/other,สถานีโทรมาตร บ้านป่าเปื่อย ทุ่งช้าง จังหวัดน่าน,ชป.,ลุ่มน้ำน่าน,19.51818,100.92762,0,1,0,0
TN.02,canal/other,สถานีโทรมาตร บ้านสบกอน เชียงกลาง จังหวัดน่าน,ชป.,ลุ่มน้ำน่าน,19.27722,100.86375,0,1,0,0
TN.03,canal/other,สถานีโทรมาตร วัดบ้านท่าล้อม ปัว จังหวัดน่าน,ชป.,ลุ่มน้ำน่าน,19.17958,100.85546,0,1,0,0
TN.04,canal/other,สถานีโทรมาตร บ้านนาหนุน ท่าวังผา จังหวัดน่าน,ชป.,ลุ่มน้ำน่าน,19.13607,100.78831,0,1,0,0
TN.05,canal/other,สถานีโทรมาตร บ้านสบหนอง ท่าวังผา จังหวัดน่าน,ชป.,ลุ่มน้ำน่าน,19.12096,100.80624,0,1,0,0
TN.06,canal/other,สถานีโทรมาตร สะพานเหนือ ภูเพียง จังหวัดน่าน,ชป.,ลุ่มน้ำน่าน,18.85925,100.81742,0,1,0,0
TN.07,canal/other,สถานีโทรมาตร บ้านภูแยง สันติสุข จังหวัดน่าน,ชป.,ลุ่มน้ำน่าน,18.92398,100.92632,0,1,0,0
TN.08,canal/other,สถานีโทรมาตร ฝายน้ำปั้ว เวียงสา จังหวัดน่าน,ชป.,ลุ่มน้ำน่าน,18.64895,100.72994,0,1,0,0
TN.09,canal/other,สถานีโทรมาตร ฝายน้ำสา(ท้ายฝาย) เมือง จังหวัดน่าน,ชป.,ลุ่มน้ำน่าน,18.58611,100.69977,0,1,0,0
TN.11,canal/other,สถานีโทรมาตร ฝ่ายน้ำปาด ฟากท่า จังหวัดอุตรดิตถ์,ชป.,ลุ่มน้ำน่าน,18.05651,100.91548,0,1,0,0
TN.12,canal/other,สถานีโทรมาตร ใต้เขื่อนทดน้ำผาจุก เมือง จังหวัดอุตรดิตถ์,ชป.,ลุ่มน้ำน่าน,17.6457,100.26518,0,1,0,0
TN.12A,canal/other,สถานีโทรมาตร เขื่อนสิริกิติ์ อ.ท่าปลา จ.อุตรดิตถ์,ชป.,ลุ่มน้ำน่าน,17.73707,100.53151,0,1,0,0
TN.13,canal/other,สถานีโทรมาตร ปตร.คลองโพธิ์ เมือง จังหวัดอุตรดิตถ์,ชป.,ลุ่มน้ำน่าน,17.61653,100.09482,0,1,0,0
TN.14,canal/other,สถานีโทรมาตร ฝ่ายคลองตรอน ทองแสนขัน จังหวัดอุตรดิตถ์,ชป.,ลุ่มน้ำน่าน,17.56869,100.4485,0,1,0,0
TN.15,canal/other,สถานีโทรมาตร บ้านแก่งใต้ ตรอน จังหวัดอุตรดิตถ์,ชป.,ลุ่มน้ำน่าน,17.43556,100.1384,0,1,0,0
TN.16,canal/other,สถานีโทรมาตร ปตร.คอรุม พิชัย จังหวัดอุตรดิตถ์,ชป.,ลุ่มน้ำน่าน,17.29839,100.05615,0,1,0,0
TN.17,canal/other,สถานีโทรมาตร ฝ่ายน้ำล้นคลองสิงห์ เมือง จังหวัดอุตรดิถต์,ชป.,ลุ่มน้ำน่าน,17.69119,100.32011,0,1,0,0
TN.18,canal/other,สถานีโทรมาตร ปตร.โคกช้าง เมือง จังหวัดพิษณุโลก,ชป.,ลุ่มน้ำน่าน,16.70444,100.26398,0,1,0,0
TN.19,canal/other,สถานีโทรมาตร ปตร.DR.2.8 บางกระทุ่ม จังหวัดพิษณุโลก,ชป.,ลุ่มน้ำน่าน,16.62062,100.24798,0,1,0,0
TN.20,canal/other,สถานีโทรมาตร ปตร.DR.7 บางมูลนาก จังหวัดพิจิตร,ชป.,ลุ่มน้ำน่าน,16.06064,100.37868,0,1,0,0
TN.21,canal/other,สถานีโทรมาตร ปตร.แม่น้ำยมเก่า สวรรคโลก จังหวัดสุโขทัย,ชป.,ลุ่มน้ำยม,17.36491,99.84744,0,1,0,1
TN.22A,canal/other,สถานีโทรมาตร อ.วัดโบสถ์ จ.พิษณุโลก,ชป.,ลุ่มน้ำน่าน,16.99824,100.32603,0,1,0,0
TN.24,canal/other,สถานีโทรมาตร วัดนกแอ่น อ.วังทอง จ.พิษณุโลก,ชป.,ลุ่มน้ำน่าน,16.84789,100.51197,0,1,0,0
TN.2B,canal/other,สถานีโทรมาตร สถานีสูบน้ำวัดกลาง อ.เมือง จ.อุตรดิตถ์,ชป.,ลุ่มน้ำน่าน,17.60853,100.09908,0,1,0,0
TN.5A,canal/other,สถานีโทรมาตร อ.เมือง จ.พิษณุโลก,ชป.,ลุ่มน้ำน่าน,16.81467,100.26003,0,1,0,0
TN.7A,canal/other,สถานีโทรมาตร อ.เมือง จ.พิจิตร,ชป.,ลุ่มน้ำน่าน,16.44194,100.35306,0,1,0,0
TNA.01,canal/other,สถานีโทรมาตร ฝายบ้านตาล ต.กำแพงเซา อ.เมืองนครศรีธรรมราช จ.นครศรีธรรมราช,ชป.,ลุ่มน้ำภาคใต้ฝั่งตะวันออกตอนบน,8.429,99.879,0,1,0,0
TNA.02,canal/other,สถานีโทรมาตร คลองวัดหญ้า ต.นาทราย อ.เมืองนครศรีธรรมราช จ.นครศรีธรรมราช,ชป.,ลุ่มน้ำภาคใต้ฝั่งตะวันออกตอนบน,8.4768,99.9242,0,1,0,0
TNA.03,canal/other,สถานีโทรมาตร คลองท่าแพ ต.ปากปูน อ.เมืองนครศรีธรรมราช จ.นครศรีธรรมราช,ชป.,ลุ่มน้ำภาคใต้ฝั่งตะวันออกตอนบน,8.5144,99.9512,0,1,0,0
TNA.04,canal/other,สถานีโทรมาตร คลองนอกท่า ต.บ้านเกาะ อ.พรหมคีรี จ.นครศรีธรรมราช,ชป.,ลุ่มน้ำภาคใต้ฝั่งตะวันออกตอนบน,8.5302,99.8199,0,1,0,0
TNA.05,canal/other,สถานีโทรมาตร คลองโรงฆ้อง ต.ท่างิ้ว อ.เมืองนครศรีธรรมราช จ.นครศรีธรรมราช,ชป.,ลุ่มน้ำภาคใต้ฝั่งตะวันออกตอนบน,8.4979,99.894,0,1,0,0
TNA.06,canal/other,สถานีโทรมาตร บ้านวังไทร ต.กำโลน อ.ลานสกา จ.นครศรีธรรมราช,ชป.,ลุ่มน้ำภาคใต้ฝั่งตะวันออกตอนบน,8.4082,99.7975,0,1,0,0
TNB.07,canal/other,สถานีโทรมาตร ฝายท่าดี ต.ตำแพงเซา อ.เมืองนครศรีธรรมราช จ.นครศรีธรรมราช,ชป.,ลุ่มน้ำภาคใต้ฝั่งตะวันออกตอนบน,8.391,99.8645,0,1,0,0
TNB.08,canal/other,สถานีโทรมาตร บ้านนาป่า  ต.ไชยมนตรี อ.เมืองนครศรีธรรมราช จ.นครศรีธรรมราช,ชป.,ลุ่มน้ำภาคใต้ฝั่งตะวันออกตอนบน,8.3967,99.9196,0,1,0,0
TNB.09,canal/other,สถานีโทรมาตร บ้านโคกข่อย ต.ปากนคร  อ.เมืองนครศรีธรรมราช จ.นครศรีธรรมราช,ชป.,ลุ่มน้ำภาคใต้ฝั่งตะวันออกตอนบน,8.4355,100.0144,0,1,0,0
TNB.10,canal/other,สถานีโทรมาตร คลองหน้าเมือง ต.คลัง  อ.เมืองนครศรีธรรมราช จ.นครศรีธรรมราช,ชป.,ลุ่มน้ำภาคใต้ฝั่งตะวันออกตอนบน,8.4276,99.9615,0,1,0,0
TNB.11,canal/other,สถานีโทรมาตร สะพานราเมศวร์,ชป.,ลุ่มน้ำภาคใต้ฝั่งตะวันออกตอนบน,8.44448,99.96116,0,1,0,0
TNB.12,canal/other,สถานีโทรมาตร บ้านปากพระยา ต.ท่าซัก  อ.เมืองนครศรีธรรมราช จ.นครศรีธรรมราช,ชป.,ลุ่มน้ำภาคใต้ฝั่งตะวันออกตอนบน,8.4831,100.0154,0,1,0,0
TNB.13,canal/other,สถานีโทรมาตร บ้านหนองลุง ต.กำแพงเซา  อ.เมืองนครศรีธรรมราช จ.นครศรีธรรมราช,ชป.,ลุ่มน้ำภาคใต้ฝั่งตะวันออกตอนบน,8.3761,99.878,0,1,0,0
TNB.14,canal/other,สถานีโทรมาตร คลองวังวัว ต.ช้างซ้าย อ.พระพรหม จ.นครศรีธรรมราช,ชป.,ลุ่มน้ำภาคใต้ฝั่งตะวันออกตอนบน,8.3643,99.943,0,1,0,0
TNB.15,canal/other,สถานีโทรมาตร คลองท่าเรือ ต.ท่าเรือ  อ.เมืองนครศรีธรรมราช จ.นครศรีธรรมราช,ชป.,ลุ่มน้ำภาคใต้ฝั่งตะวันออกตอนบน,8.3579,99.9804,0,1,0,0
TNB.16,canal/other,สถานีโทรมาตร วัดธงทอง ต.เสาธง อ.พระพรหม จ.นครศรีธรรมราช,ชป.,ลุ่มน้ำภาคใต้ฝั่งตะวันออกตอนบน,8.2801,99.9061,0,1,0,0
TNB.17,canal/other,สถานีโทรมาตร บ้านปากกลอง ต.ช้างซ้าย อ.พระพรหม  จ.นครศรีธรรมราช,ชป.,ลุ่มน้ำภาคใต้ฝั่งตะวันออกตอนบน,8.2551,99.9633,0,1,0,0
TNB.18,canal/other,สถานีโทรมาตร ปตร.บางจาก ต.บางจาก อ.เมืองนครศรีธรรมราช  จ.นครศรีธรรมราช,ชป.,ลุ่มน้ำภาคใต้ฝั่งตะวันออกตอนบน,8.3352,100.0725,0,1,0,0
TNG001,canal/other,ท่าสะบ้า,สสน.,ลุ่มน้ำภาคใต้ฝั่งตะวันตก,7.729391,99.55152,1,1,0,0
TNG002,canal/other,เมืองตรัง,สสน.,ลุ่มน้ำภาคใต้ฝั่งตะวันตก,7.555884,99.57825,1,1,0,0
TNG003,canal/other,คลองนางน้อย,สสน.,ลุ่มน้ำภาคใต้ฝั่งตะวันตก,7.568049,99.65109,1,1,0,0
TNG004,canal/other,ปะเหลียน,สสน.,ลุ่มน้ำภาคใต้ฝั่งตะวันตก,7.371991,99.677246,1,1,0,0
TNG005,canal/other,วังวิเศษ,สสน.,ลุ่มน้ำภาคใต้ฝั่งตะวันตก,7.668987,99.45936,1,1,0,0
TNG006,canal/other,รัษฎา,สสน.,ลุ่มน้ำภาคใต้ฝั่งตะวันตก,7.96409,99.59775,1,1,0,0
TNwt.15,canal/other,สถานีโทรมาตร วังนกแอ่น จังหวัดพิษณุโลก,ชป.,ลุ่มน้ำน่าน,16.84206,100.57663,0,1,0,0
TNwt.17,canal/other,สถานีโทรมาตร บ้านร่มเกล้า จังหวัดพิษณุโลก,ชป.,ลุ่มน้ำน่าน,16.76761,100.67258,0,1,0,0
TNwt.21,canal/other,สถานีโทรมาตร บ้านหนองแม่นา จังหวัดเพชรบูรณ์,ชป.,ลุ่มน้ำน่าน,16.56888,100.8917,0,1,0,0
TNwt.22,canal/other,สถานีโทรมาตร อำเภอวังทอง จังหวัดพิษณุโลก,ชป.,ลุ่มน้ำน่าน,16.82276,100.43285,0,1,0,0
TNwt.5,canal/other,สถานีโทรมาตร บ้านเล่าลือเก่า จังหวัดเพชรบูรณ์,ชป.,ลุ่มน้ำน่าน,16.81151,100.96705,0,1,0,0
TNwt.6,canal/other,สถานีโทรมาตร บ้านโป่งปะ จังหวัดพิษณุโลก,ชป.,ลุ่มน้ำน่าน,16.86516,100.77357,0,1,0,0
TON001,canal/other,ตาพระยา,สสน.,ลุ่มน้ำโตนเลสาบ,14.051278,102.88541,1,1,0,0
TON002,canal/other,โป่งน้ำร้อน,สสน.,ลุ่มน้ำโตนเลสาบ,13.036519,102.38153,0,1,0,0
TON003,canal/other,อบต.สะตอน,สสน.,ลุ่มน้ำโตนเลสาบ,13.14233,102.30371,0,1,0,0
TON004,canal/other,อบต.ท่าเกวียน,สสน.,ลุ่มน้ำโตนเลสาบ,13.68734,102.28413,0,1,0,0
TON005,canal/other,อบต.หันทราย,สสน.,ลุ่มน้ำโตนเลสาบ,13.79457,102.455345,0,1,0,0
TON006,canal/other,อบต.ทัพราช,สสน.,ลุ่มน้ำโตนเลสาบ,14.045826,102.74595,0,1,0,0
TP.1,canal/other,สถานีแม่น้ำปิง (P.1) สะพานนวรัฐ,ชป.,ลุ่มน้ำปิง,18.78701,99.00507,0,1,0,0
TP.100,canal/other,ฝายคลองสวนหมาก,ชป.,ลุ่มน้ำปิง,16.33091,99.26475,0,1,0,0
TP.101,canal/other,บ้านโป่งน้ำร้อน,ชป.,ลุ่มน้ำปิง,16.33205,99.31694,0,1,0,0
TP.102,canal/other,คลองวังหิน,ชป.,ลุ่มน้ำปิง,16.22958,99.69672,0,1,0,0
TP.103,canal/other,บ้านโชคชัยพัฒนา-หินดาต,ชป.,ลุ่มน้ำปิง,16.08597,99.42063,0,1,0,0
TP.104,canal/other,ศูนย์พัฒนาสังคมหน่วยที่ 4,ชป.,ลุ่มน้ำปิง,16.12013,99.32774,0,1,0,0
TP.105,canal/other,สำนักสงฆ์มอหินเพลิง,ชป.,ลุ่มน้ำปิง,16.15149,99.5275,0,1,0,0
TP.106,canal/other,บ้านคลองน้ำไหลใต้,ชป.,ลุ่มน้ำปิง,16.12172,99.37297,0,1,0,0
TP.107,canal/other,บ้านคลองสีนวล,ชป.,ลุ่มน้ำปิง,16.34305,99.59838,0,1,0,0
TP.108,canal/other,บ้านแม่ปั๋ง,ชป.,ลุ่มน้ำปิง,19.2138,99.18452,0,1,0,0
TP.109,canal/other,บ้านท้องฟ้า,ชป.,ลุ่มน้ำปิง,17.04741,98.97802,0,1,0,0
TP.110,canal/other,บ้านปากร้อง,ชป.,ลุ่มน้ำปิง,16.8646,99.11451,0,1,0,0
TP.111,canal/other,บ้านวังชะโอน,ชป.,ลุ่มน้ำปิง,16.70333,99.43528,0,1,0,0
TP.112,canal/other,แม่กลางบ้านลุ่ม,ชป.,ลุ่มน้ำปิง,18.41917,98.67194,0,1,0,0
TP.113,canal/other,บ้านเกาะตาล,ชป.,ลุ่มน้ำปิง,16.13583,99.78417,0,1,0,0
TP.12C,canal/other,สถานีโทรมาตร เขื่อนแม่ปิงตอนล่าง                                     ,ชป.,ลุ่มน้ำปิง,17.2383,99.02387,0,1,0,0
TP.14A,canal/other,สถานีน้ำแม่แจ่ม (P.14 A),ชป.,ลุ่มน้ำปิง,18.20279,98.61503,0,1,0,0
TP.17,canal/other,สถานีโทรมาตร อ.บรรพตพิสัย จ.นครสรรค์,ชป.,ลุ่มน้ำปิง,15.93486,99.96769,0,1,0,0
TP.20,canal/other,สถานีแม่น้ำปิง (P.20) บ้านเกาะ ,ชป.,ลุ่มน้ำปิง,19.36962,98.96908,0,1,0,0
TP.21,canal/other,สถานีน้ำแม่ริม (P.21) บ้านริมใต้,ชป.,ลุ่มน้ำปิง,18.92778,98.93992,0,1,0,0
TP.26A,canal/other,บ้านหัวฝาย( P.26A เดิม),ชป.,ลุ่มน้ำปิง,16.44769,99.42786,0,1,0,0
TP.2A,canal/other,สถานีโทรมาตร อ.เมือง จ.ตาก                               ,ชป.,ลุ่มน้ำปิง,16.90389,99.13056,0,1,0,0
TP.5,canal/other,สถานีน้ำแม่กวง (P.5),ชป.,ลุ่มน้ำปิง,18.58055,99.00995,0,1,0,0
TP.56A,canal/other,สถานีน้ำแม่งัด (P.56A) บ้านสหกรณ์ร่มเกล้า,ชป.,ลุ่มน้ำปิง,19.28414,99.18729,0,1,0,0
TP.65,canal/other,สถานีน้ำแม่แตง (P.65) บ้านม่วงป๊อก,ชป.,ลุ่มน้ำปิง,19.63824,98.63498,0,1,0,0
TP.67,canal/other,สถานีน้ำแม่น้ำปิง (P.67) บ้านแม่แต,ชป.,ลุ่มน้ำปิง,18.98956,98.96164,0,1,0,0
TP.71A,canal/other,สถานีน้ำแม่ขาน(P.71A) บ้านกลาง,ชป.,ลุ่มน้ำปิง,18.54128,98.86252,0,1,0,0
TP.75,canal/other,สถานีแม่น้ำปิง (P.75) บ้านช่อแล,ชป.,ลุ่มน้ำปิง,19.14592,99.00818,0,1,0,0
TP.77,canal/other,สถานีน้ำแม่ทา (P.77) บ้านสบสะป๊วด,ชป.,ลุ่มน้ำปิง,18.42957,99.08382,0,1,0,0
TP.78,canal/other,สถานีโทรมาตร อ.คลองขลุง จ.กำแพงเพชร                        ,ชป.,ลุ่มน้ำปิง,16.18227,99.59721,0,1,0,0
TP.79,canal/other,สถานีน้ำแม่กวง (P.79) บ้านแม่หวาน,ชป.,ลุ่มน้ำปิง,18.96366,99.23749,0,1,0,0
TP.80,canal/other,สถานีน้ำแม่ลาย (P.80) บ้านโป่งดิน,ชป.,ลุ่มน้ำปิง,18.91613,99.23594,0,1,0,0
TP.81,canal/other,สถานีน้ำแม่กวง (P.81) บ้านโป่ง,ชป.,ลุ่มน้ำปิง,18.69531,99.07857,0,1,0,0
TP.85,canal/other,สถานีน้ำแม่ลี้ (P.85) บ้านหล่ายแก้ว,ชป.,ลุ่มน้ำปิง,18.36661,98.77246,0,1,0,0
TP.86,canal/other,สถานีน้ำแม่ออน (P.86) บ้านโฮ้ง,ชป.,ลุ่มน้ำปิง,18.73945,99.21865,0,1,0,0
TP.87,canal/other,สถานีน้ำแม่ทา (P.87) บ้านป่าซาง,ชป.,ลุ่มน้ำปิง,18.51922,98.94195,0,1,0,0
TP.90,canal/other,สถานีน้ำแม่ปิง (P.90) บ้านทับเดื่อ,ชป.,ลุ่มน้ำปิง,19.21501,98.97221,0,1,0,0
TP.91,canal/other,สถานีน้ำแม่ขอด (P.91) บ้านสันปูเลย,ชป.,ลุ่มน้ำปิง,19.13405,99.16618,0,1,0,0
TP.92,canal/other,สถานีน้ำแม่แตง (P.92) บ้านแม่กึ๊ด,ชป.,ลุ่มน้ำปิง,19.22079,98.84732,0,1,0,0
TP.93,canal/other,สถานีน้ำแม่ริม (P.93) บ้านสลวงนอก,ชป.,ลุ่มน้ำปิง,19.01509,98.88061,0,1,0,0
TP.94,canal/other,สถานีน้ำแม่แจ่ม (P.94) บ้านเจียง,ชป.,ลุ่มน้ำปิง,18.49842,98.36168,0,1,0,0
TP.95,canal/other,เทศบาลวังเจ้า,ชป.,ลุ่มน้ำปิง,16.67427,99.27525,0,1,0,0
TP.96,canal/other,บ้านใหม่เสรีธรรม,ชป.,ลุ่มน้ำปิง,16.53341,99.22052,0,1,0,0
TP.97,canal/other,อุทยานแห่งชาติคลองวังเจ้า,ชป.,ลุ่มน้ำปิง,16.50555,99.16983,0,1,0,0
TP.98,canal/other,วัดอุทุมพร,ชป.,ลุ่มน้ำปิง,16.46991,99.48008,0,1,0,0
TP.99,canal/other,วัดเขาแก้วสวรรค์,ชป.,ลุ่มน้ำปิง,16.40631,99.34961,0,1,0,0
TPAE,canal/other,ทต.ท่าขนุน,สสน.,ลุ่มน้ำแม่กลอง,14.74405,98.64233,0,1,0,0
TPB03,canal/other,s03-บ้านแม่คะเมย,ชป.,ลุ่มน้ำเพชรบุรี-ประจวบคีรีขันธ์,13.01,99.59,0,1,0,0
TPB04,canal/other,s04-พุมะคำ,ชป.,ลุ่มน้ำเพชรบุรี-ประจวบคีรีขันธ์,12.74,99.68,0,1,0,0
TPB05,canal/other,s05-บ้านท่าตะคร้อ,ชป.,ลุ่มน้ำเพชรบุรี-ประจวบคีรีขันธ์,13.12,99.73,0,1,0,0
TPB06,canal/other,s06-บ้านห้วยกวางจริง,ชป.,ลุ่มน้ำเพชรบุรี-ประจวบคีรีขันธ์,13.01,99.74,0,1,0,0
TPB07,canal/other,s07-เขื่อนแก่งกระจาน(เหนือน้ำ),ชป.,ลุ่มน้ำเพชรบุรี-ประจวบคีรีขันธ์,12.91,99.63,0,1,0,0
TPB08,canal/other,s08-เขื่อนแก่งกระจาน(ท้ายน้ำ),ชป.,ลุ่มน้ำเพชรบุรี-ประจวบคีรีขันธ์,12.91,99.64,0,1,0,0
TPB09,canal/other,s09-บ้านยางคู่,ชป.,ลุ่มน้ำเพชรบุรี-ประจวบคีรีขันธ์,13.28,99.64,0,1,0,0
TPB10,canal/other,s10-หนองโรง,ชป.,ลุ่มน้ำเพชรบุรี-ประจวบคีรีขันธ์,12.75,99.8,0,1,0,0
TPB11,canal/other,s11-บ้านเขาลูกช้าง,ชป.,ลุ่มน้ำเพชรบุรี-ประจวบคีรีขันธ์,12.81,99.79,0,1,0,0
TPB12,canal/other,s12-ท่ายาง,ชป.,ลุ่มน้ำเพชรบุรี-ประจวบคีรีขันธ์,12.97,99.88,0,1,0,0
TPB13,canal/other,s13-บ้านลาด,ชป.,ลุ่มน้ำเพชรบุรี-ประจวบคีรีขันธ์,13.05,99.92,0,1,0,0
TPB14,canal/other,s14-สถานีเมืองเพชร,ชป.,ลุ่มน้ำเพชรบุรี-ประจวบคีรีขันธ์,13.12,99.95,0,1,0,0
TPB15,canal/other,s15-บ้านแหลม,ชป.,ลุ่มน้ำเพชรบุรี-ประจวบคีรีขันธ์,13.21,99.98,0,1,0,0
TPB16,canal/other,s16-เขื่อนเพชร (เหนือน้ำ),ชป.,ลุ่มน้ำเพชรบุรี-ประจวบคีรีขันธ์,12.91,99.85,0,1,0,0
TPB17,canal/other,s17-เขื่อนเพชร (ท้ายน้ำ),ชป.,ลุ่มน้ำเพชรบุรี-ประจวบคีรีขันธ์,12.91,99.85,0,1,0,0
TPE-R6,canal/other,เทศบาลตำบลบุดี,ชป.,ลุ่มน้ำภาคใต้ฝั่งตะวันออกตอนล่าง,6.51,101.32,0,1,0,0
TPE-R7,canal/other,นิคมสร้างตนเองพัฒนาภาคใต้,ชป.,ลุ่มน้ำภาคใต้ฝั่งตะวันออกตอนล่าง,6.31,101.36,0,1,0,0
TPI001,canal/other,พุนพิน 1,สสน.,ลุ่มน้ำภาคใต้ฝั่งตะวันออกตอนบน,9.131233,99.25885,1,1,0,0
TPI002,canal/other,พุนพิน 2,สสน.,ลุ่มน้ำภาคใต้ฝั่งตะวันออกตอนบน,9.085781,99.170006,1,1,0,0
TPI003,canal/other,พุนพิน 3,สสน.,ลุ่มน้ำภาคใต้ฝั่งตะวันออกตอนบน,8.986764,99.2113,1,1,0,0
TPI004,canal/other,ท่าขนอม,สสน.,ลุ่มน้ำภาคใต้ฝั่งตะวันออกตอนบน,9.029423,98.969635,1,1,0,0
TPI005,canal/other,เวียงสระ,สสน.,ลุ่มน้ำภาคใต้ฝั่งตะวันออกตอนบน,8.571067,99.253914,0,1,0,0
TPI006,canal/other,พระแสง,สสน.,ลุ่มน้ำภาคใต้ฝั่งตะวันออกตอนบน,8.537499,99.181015,1,1,0,0
TPI007,canal/other,วิภาวดี,สสน.,ลุ่มน้ำภาคใต้ฝั่งตะวันออกตอนบน,9.206472,98.95253,1,1,0,0
TPKO,canal/other,ทต.ทับคล้อ,สสน.,ลุ่มน้ำน่าน,16.16959,100.566,0,1,0,0
TPPN,canal/other,ทม.ท่าข้าม,สสน.,ลุ่มน้ำภาคใต้ฝั่งตะวันออกตอนบน,9.10603,99.2328,0,1,0,0
TPR.1,canal/other,สถานีโทรมาตร สถานีอนามัยป่าเด็ง,ชป.,ลุ่มน้ำเพชรบุรี-ประจวบคีรีขันธ์,12.58372,99.53475,0,1,0,0
TPR.11,canal/other,สถานีโทรมาตร บ้านบ่อนอก,ชป.,ลุ่มน้ำเพชรบุรี-ประจวบคีรีขันธ์,12.06066,99.88306,0,1,0,0
TPR.12,canal/other,สถานีโทรมาตร อ่างเก็บน้ำโป่งสามสิบ,ชป.,ลุ่มน้ำเพชรบุรี-ประจวบคีรีขันธ์,11.18315,99.34937,0,1,0,0
TPR.14,canal/other,สถานีโทรมาตร เขื่อนวังยาว,ชป.,ลุ่มน้ำเพชรบุรี-ประจวบคีรีขันธ์,11.23172,99.44833,0,1,0,0
TPR.15,canal/other,สถานีโทรมาตร วัดปากแพรก,ชป.,ลุ่มน้ำเพชรบุรี-ประจวบคีรีขันธ์,11.05998,99.45682,0,1,0,0
TPR.2,canal/other,สถานีโทรมาตร อบต.ห้วยสัตว์ใหญ่,ชป.,ลุ่มน้ำเพชรบุรี-ประจวบคีรีขันธ์,12.51375,99.56915,0,1,0,0
TPR.3,canal/other,สถานีโทรมาตร บ้านเขาจ้าว,ชป.,ลุ่มน้ำเพชรบุรี-ประจวบคีรีขันธ์,12.36202,99.69855,0,1,0,0
TPR.8,canal/other,สถานีโทรมาตร บ้านเขาน้อย,ชป.,ลุ่มน้ำเพชรบุรี-ประจวบคีรีขันธ์,12.39036,99.91119,0,1,0,0
TPR.9,canal/other,สถานีโทรมาตร ปากน้ำปราณบุรี,ชป.,ลุ่มน้ำเพชรบุรี-ประจวบคีรีขันธ์,12.40594,99.99394,0,1,0,0
TPTN,canal/other,ทต.ทัพทัน,สสน.,ลุ่มน้ำสะแกกรัง,15.45764,99.89484,0,1,0,0
TP_STN03,canal/other,คลองท่าแซะ,ชป.,ลุ่มน้ำภาคใต้ฝั่งตะวันออกตอนบน,10.92,99.22,0,1,0,0
TP_STN04,canal/other,วังมะปราง,ชป.,ลุ่มน้ำภาคใต้ฝั่งตะวันออกตอนบน,10.73,99.18,0,1,0,0
TP_STN05,canal/other,อนามัยบ้านสลุย,ชป.,ลุ่มน้ำภาคใต้ฝั่งตะวันออกตอนบน,10.87,99.25,0,1,0,0
TP_STN06,canal/other,อนามัยบ้านธรรมเจริญ,ชป.,ลุ่มน้ำภาคใต้ฝั่งตะวันออกตอนบน,10.86,99.12,0,1,0,0
TP_STN07,canal/other,คลองรับร่อ,ชป.,ลุ่มน้ำภาคใต้ฝั่งตะวันออกตอนบน,10.64,99.05,0,1,0,0
TP_STN08,canal/other,บ้านวังครก,ชป.,ลุ่มน้ำภาคใต้ฝั่งตะวันออกตอนบน,10.59,99.14,0,1,0,0
TP_STN09,canal/other,ประตูระบายน้ำหัววัง,ชป.,ลุ่มน้ำภาคใต้ฝั่งตะวันออกตอนบน,10.55,99.18,0,1,0,0
TP_STN10,canal/other,ประตูระบายน้ำสามแก้ว,ชป.,ลุ่มน้ำภาคใต้ฝั่งตะวันออกตอนบน,10.52,99.19,0,1,0,0
TP_STN11,canal/other,สะพานเทศบาล2,ชป.,ลุ่มน้ำภาคใต้ฝั่งตะวันออกตอนบน,10.5,99.17,0,1,0,0
TP_STN12,canal/other,ปากน้ำ,ชป.,ลุ่มน้ำภาคใต้ฝั่งตะวันออกตอนบน,10.45,99.21,0,1,0,0
TRD001,canal/other,เมืองตราด,สสน.,ลุ่มน้ำชายฝั่งทะเลตะวันออก,12.325195,102.5005,1,1,0,0
TRD002,canal/other,ห้วยแร้ง,สสน.,ลุ่มน้ำชายฝั่งทะเลตะวันออก,12.369261,102.54332,1,1,0,0
TRD003,canal/other,วังกระแจะ,สสน.,ลุ่มน้ำชายฝั่งทะเลตะวันออก,12.262445,102.52681,1,1,0,0
TRD004,canal/other,บางพระ,สสน.,ลุ่มน้ำชายฝั่งทะเลตะวันออก,12.238111,102.50981,0,1,0,0
TRD005,canal/other,คลองประณีต บ.ตลุง,สสน.,ลุ่มน้ำชายฝั่งทะเลตะวันออก,12.511324,102.37168,1,0,0,0
TRD006,canal/other,คลองโสน,สสน.,ลุ่มน้ำชายฝั่งทะเลตะวันออก,12.513374,102.50484,1,0,0,0
TRD007,canal/other,คลองเขาระกำ,สสน.,ลุ่มน้ำชายฝั่งทะเลตะวันออก,12.25058,102.475716,1,0,0,0
TRKl.1,canal/other,อ่างเก็บน้ำคลองน้ำไหล,ชป.,ลุ่มน้ำปิง,16.21563,99.27908,0,1,0,0
TRKl.2,canal/other,โรงเรียนบ้านบึงหล่ม,ชป.,ลุ่มน้ำปิง,16.18025,99.37924,0,1,0,0
TRKl.3,canal/other,โรงเรียนบ้านคลองปลาสร้อย,ชป.,ลุ่มน้ำปิง,16.03891,99.28855,0,1,0,0
TRON,canal/other,ทต.ตรอน,สสน.,ลุ่มน้ำน่าน,17.48609,100.10562,0,1,0,0
TRSm.2,canal/other,อ่างเก็บน้ำคลองมดแดง,ชป.,ลุ่มน้ำปิง,16.40272,99.26803,0,1,0,0
TRSn.1,canal/other,วัดวังทอง,ชป.,ลุ่มน้ำปิง,16.33769,99.44138,0,1,0,0
TRWc.1,canal/other,โรงเรียนบ้านหนองปลาไหล,ชป.,ลุ่มน้ำปิง,16.66575,99.16441,0,1,0,0
TS.1,canal/other,สถานีโทรมาตร หล่มเก่า,ชป.,ลุ่มน้ำป่าสัก,17.00405,101.35317,0,1,0,0
TS.10,canal/other,สถานีโทรมาตร เหนือเขื่อนป่าสัก,ชป.,ลุ่มน้ำป่าสัก,14.84825,101.09021,0,1,0,0
TS.11,canal/other,สถานีโทรมาตร ท้ายเขื่อนป่าสัก,ชป.,ลุ่มน้ำป่าสัก,14.83382,101.08501,0,1,0,0
TS.14,canal/other,สถานีโทรมาตร เสาไห้,ชป.,ลุ่มน้ำป่าสัก,14.54295,100.89669,0,1,0,0
TS.15,canal/other,สถานีโทรมาตร วัดท่าแร่,ชป.,ลุ่มน้ำป่าสัก,16.74462,101.22817,0,1,0,0
TS.16,canal/other,สถานีโทรมาตร คลองปู่เจ้า,ชป.,ลุ่มน้ำป่าสัก,16.14619,101.08415,0,1,0,0
TS.17,canal/other,สถานีโทรมาตร คลองน้ำจู,ชป.,ลุ่มน้ำป่าสัก,16.04515,101.12285,0,1,0,0
TS.18,canal/other,สถานีโทรมาตร คลองลำกง,ชป.,ลุ่มน้ำป่าสัก,15.99648,101.17114,0,1,0,0
TS.19,canal/other,สถานีโทรมาตร คลองกองทูล,ชป.,ลุ่มน้ำป่าสัก,15.93723,101.09412,0,1,0,0
TS.2,canal/other,แม่น้ำป่าสัก,,ลุ่มน้ำป่าสัก,,,0,1,0,0
TS.20,canal/other,สถานีโทรมาตร คลองท่าเสา,ชป.,ลุ่มน้ำป่าสัก,15.89322,101.09118,0,1,0,0
TS.21,canal/other,สถานีโทรมาตร คลองตะแบก,ชป.,ลุ่มน้ำป่าสัก,15.83297,101.03525,0,1,0,0
TS.22,canal/other,สถานีโทรมาตร ฝายคลองสุคต,ชป.,ลุ่มน้ำป่าสัก,14.86365,101.11993,0,1,0,0
TS.23,canal/other,สถานีโทรมาตร คลองส้ม,ชป.,ลุ่มน้ำป่าสัก,14.82203,101.01459,0,1,0,0
TS.24,canal/other,สถานีโทรมาตร คลองเพรียว,ชป.,ลุ่มน้ำป่าสัก,14.52971,100.93149,0,1,0,0
TS.25,canal/other,สถานีโทรมาตร วัดจอมเกษ,ชป.,ลุ่มน้ำเจ้าพระยา,14.41435,100.55782,0,1,0,0
TS.3,canal/other,สถานีโทรมาตร เขื่อนห้วยป่าแดง,ชป.,ลุ่มน้ำป่าสัก,16.44757,101.09056,0,1,0,0
TS.4,canal/other,สถานีโทรมาตร เพชรบูรณ์,ชป.,ลุ่มน้ำป่าสัก,16.36501,101.15582,0,1,0,0
TS.5,canal/other,สถานีโทรมาตร อ.พระนครศรีอยุธยา จ.อยุธยา,ชป.,ลุ่มน้ำเจ้าพระยา,14.35864,100.5804,0,1,0,0
TS.5P,canal/other,สถานีโทรมาตร หนองไผ่,ชป.,ลุ่มน้ำป่าสัก,15.99291,101.12352,0,1,0,0
TS.6,canal/other,สถานีโทรมาตร วิเชียรบุรี,ชป.,ลุ่มน้ำป่าสัก,15.5782,101.08918,0,1,0,0
TS.7,canal/other,สถานีโทรมาตร บัวขุม,ชป.,ลุ่มน้ำป่าสัก,15.26502,101.18956,0,1,0,0
TS.8,canal/other,สถานีโทรมาตร ปตร.ลำสนธิ,ชป.,ลุ่มน้ำป่าสัก,15.22748,101.28501,0,1,0,0
TS.9,canal/other,สถานีโทรมาตร อ.แก่งคอย จ.สระบุรี,ชป.,ลุ่มน้ำป่าสัก,14.62817,101.01447,0,1,0,0
TS.9P,canal/other,สถานีโทรมาตร เขื่อนพระราม 6,ชป.,ลุ่มน้ำป่าสัก,14.55942,100.76191,0,1,0,0
TSDO,canal/other,ทม.สะเดา,สสน.,ลุ่มน้ำทะเลสาบสงขลา,6.63837,100.42479,0,1,0,0
TSK.1,canal/other,สถานีโทรมาตร วัดใหม่แม่เรวา แม่เล่ย์ อ.แม่วงก์ จ.นครสวรรค์,ชป.,ลุ่มน้ำสะแกกรัง,15.90761,99.33256,0,1,0,0
TSK.10,canal/other,สถานีโทรมาตร วัดผาลาดธาราราม ตลุกดู่  อ.ทัพทัน จ.อุทัยธานี,ชป.,ลุ่มน้ำสะแกกรัง,15.42639,99.72864,0,1,0,0
TSK.11,canal/other,สถานีโทรมาตร บ้านวังม้า วังม้า อ.ลาดยาว จ.นครสวรรค์,ชป.,ลุ่มน้ำสะแกกรัง,15.67539,99.82564,0,1,0,0
TSK.12,canal/other,เขื่อนวังร่มเกล้า เนินศาลา อ.โกรกพระ จ.นครสวรรค์,ชป.,ลุ่มน้ำสะแกกรัง,15.50231,99.94858,0,1,0,0
TSK.13,canal/other,อบต.ศาลเจ้าไก่ต่อ ลาดยาว นครสวรรค์,ชป.,ลุ่มน้ำสะแกกรัง,15.77344,99.66706,0,1,0,0
TSK.14,canal/other,อบต.สว่างแจ้งสบายใจ สว่างอารามณ์ อุทัยธานี,ชป.,ลุ่มน้ำสะแกกรัง,15.5591,99.86451,0,1,0,0
TSK.15,canal/other,วัดโคกหม้อ โคกหม้อ ทัพหัน อุทัยธานี,ชป.,ลุ่มน้ำสะแกกรัง,15.53428,99.89908,0,1,0,0
TSK.16,canal/other,วัดเวฬุวนาราม ท่าซุง เมือง อุทัยธานี,ชป.,ลุ่มน้ำสะแกกรัง,15.32519,100.07063,0,1,0,0
TSK.3,canal/other,สถานีโทรมาตร วัดแม่กะสีวราราม แม่เปิน อ.แม่เปิน จ.นครสวรรค์,ชป.,ลุ่มน้ำสะแกกรัง,15.73319,99.36361,0,1,0,0
TSK.4,canal/other,สถานีโทรมาตร บ้านใหม่คลองเจริญ ชุมตาบง อ.ชุมตาบง จ.นครสวรรค์,ชป.,ลุ่มน้ำสะแกกรัง,15.65119,99.55403,0,1,0,0
TSK.5,canal/other,สถานีโทรมาตร บ้านหนองบำหรุ มาบแก อ.ลาดยาว จ.นครสวรรค์,ชป.,ลุ่มน้ำสะแกกรัง,15.67378,99.75222,0,1,0,0
TSK.6,canal/other,เขื่อนทับเสลา ระบำ  อ.ลานสัก  จ.อุทัยธานี,ชป.,ลุ่มน้ำสะแกกรัง,15.544,99.44833,0,1,0,0
TSK.7,canal/other,สถานีโทรมาตร บ้านท่ามะนาว ระบำ  อ.ลานสัก จ.อุทัยธานี,ชป.,ลุ่มน้ำสะแกกรัง,15.47444,99.51858,0,1,0,0
TSK.8,canal/other,ฝายฆ้องชัย ป่าอ้อ อ.ลานสัก จ.อุทัยธานี,ชป.,ลุ่มน้ำสะแกกรัง,15.44275,99.59336,0,1,0,0
TSK.9,canal/other,ฝายทับเสลา เขากวางทอง อ.หนองฉาง จ.อุทัยธานี,ชป.,ลุ่มน้ำสะแกกรัง,15.40761,99.71439,0,1,0,0
TSL02,canal/other,โรงสูบน้ำระโนด,ชป.,ลุ่มน้ำทะเลสาบสงขลา,7.79,100.26,0,1,0,0
TSL03,canal/other,ปากคลองระโนด,ชป.,ลุ่มน้ำทะเลสาบสงขลา,7.77,100.3,0,1,0,0
TSL04,canal/other,บ้านลำปำ,ชป.,ลุ่มน้ำทะเลสาบสงขลา,7.63,100.15,0,1,0,0
TSL05,canal/other,เกาะใหญ่,ชป.,ลุ่มน้ำทะเลสาบสงขลา,7.59,100.3,0,1,0,0
TSL06,canal/other,บ้านเกาะเสือ,ชป.,ลุ่มน้ำทะเลสาบสงขลา,7.44,100.37,0,1,0,0
TSL07,canal/other,บ้านปากพะยูน,ชป.,ลุ่มน้ำทะเลสาบสงขลา,7.35,100.32,0,1,0,0
TSL08,canal/other,บ้านปากรอ,ชป.,ลุ่มน้ำทะเลสาบสงขลา,7.26,100.43,0,1,0,0
TSL09,canal/other,บ่อยาง,ชป.,ลุ่มน้ำทะเลสาบสงขลา,7.2,100.59,0,1,0,0
TSL11,canal/other,ฝายคลองบ้านพร้าว,ชป.,ลุ่มน้ำทะเลสาบสงขลา,7.83,99.91,0,1,0,0
TSL12,canal/other,ปตร.คลองท่าแนะ,ชป.,ลุ่มน้ำทะเลสาบสงขลา,7.73,99.91,0,1,0,0
TSL13,canal/other,ฝายพญาโฮ้ง,ชป.,ลุ่มน้ำทะเลสาบสงขลา,7.46,99.96,0,1,0,0
TSL14,canal/other,ฝายคลองหลักสาม,ชป.,ลุ่มน้ำทะเลสาบสงขลา,7.44,99.99,0,1,0,0
TSL15,canal/other,ฝายควนกุฏิ,ชป.,ลุ่มน้ำทะเลสาบสงขลา,7.51,100.07,0,1,0,0
TSL16,canal/other,วัดตะโหมด,ชป.,ลุ่มน้ำทะเลสาบสงขลา,7.29,100.05,0,1,0,0
TSL17,canal/other,เขาชัยสน,ชป.,ลุ่มน้ำทะเลสาบสงขลา,7.47,100.14,0,1,0,0
TSL18,canal/other,บางแก้ว,ชป.,ลุ่มน้ำทะเลสาบสงขลา,7.44,100.16,0,1,0,0
TSL19,canal/other,ปตร. ท้าย อ่างเก็บน้ำคลองป่าบอน,ชป.,ลุ่มน้ำทะเลสาบสงขลา,7.19,100.1,0,1,0,0
TSL20,canal/other,ฝายคลองป่าบอน,ชป.,ลุ่มน้ำทะเลสาบสงขลา,7.28,100.17,0,1,0,0
TSL21,canal/other,โรงเรียนบ้านเขาพระ,ชป.,ลุ่มน้ำทะเลสาบสงขลา,7.05,100.17,0,1,0,0
TSL22,canal/other,ฝายชะมวง,ชป.,ลุ่มน้ำทะเลสาบสงขลา,7.12,100.23,0,1,0,0
TSL23,canal/other,วัดควนเนียง,ชป.,ลุ่มน้ำทะเลสาบสงขลา,6.83,100.5,0,1,0,0
TSL24,canal/other,ปตร.อู่ตะเภา,ชป.,ลุ่มน้ำทะเลสาบสงขลา,6.99,100.46,0,1,0,0
TSL25,canal/other,ปตร.หน้าควน,ชป.,ลุ่มน้ำทะเลสาบสงขลา,6.99,100.46,0,1,0,0
TSL26,canal/other,ปตร.คลอง ร6,ชป.,ลุ่มน้ำทะเลสาบสงขลา,6.99,100.5,0,1,0,0
TSL27,canal/other,ปตร.คลอง 1ซ-ร1,ชป.,ลุ่มน้ำทะเลสาบสงขลา,7.01,100.44,0,1,0,0
TSL30,canal/other,คลองหลา,ชป.,ลุ่มน้ำทะเลสาบสงขลา,6.86,100.33,0,1,0,0
TSL31,canal/other,คลองหอยโข่ง(จำไหร),ชป.,ลุ่มน้ำทะเลสาบสงขลา,6.83,100.33,0,1,0,0
TSL32,canal/other,คลองนาท่อม,ชป.,ลุ่มน้ำทะเลสาบสงขลา,7.64,100.06,0,1,0,0
TSL33,canal/other,คลองลำเบ็ดบน,ชป.,ลุ่มน้ำทะเลสาบสงขลา,7.55,99.96,0,1,0,0
TSL34,canal/other,คลองลำเบ็ดล่าง,ชป.,ลุ่มน้ำทะเลสาบสงขลา,7.59,100.15,0,1,0,0
TSL35,canal/other,คลองเหมืองตะกั่ว,ชป.,ลุ่มน้ำทะเลสาบสงขลา,7.27,100.09,0,1,0,0
TSL37,canal/other,คลองตงตอนบน,ชป.,ลุ่มน้ำทะเลสาบสงขลา,6.82,100.55,0,1,0,0
TSL38,canal/other,คลองตงตอนล่าง,ชป.,ลุ่มน้ำทะเลสาบสงขลา,6.85,100.47,0,1,0,0
TSL40,canal/other,คลองหวะตอนล่าง,ชป.,ลุ่มน้ำทะเลสาบสงขลา,6.99,100.47,0,1,0,0
TSLM,canal/other,ทต.ทุ่งเสลี่ยม,สสน.,ลุ่มน้ำยม,17.32377,99.56754,0,1,0,0
TTC01,canal/other,ปตร.พลเทพ,ชป.,ลุ่มน้ำเจ้าพระยา,15.21442,100.07423,0,1,0,0
TTC02,canal/other,ปตร.ท่าโบสถ์,ชป.,ลุ่มน้ำท่าจีน,15.05395,100.01211,0,1,0,0
TTC03,canal/other,ปตร.สามชุก,ชป.,ลุ่มน้ำท่าจีน,14.77096,100.08801,0,1,0,0
TTC04,canal/other,ปตร.โพธิ์พระยา,ชป.,ลุ่มน้ำท่าจีน,14.53224,100.12275,0,1,0,0
TTC05,canal/other,วัดมณีวรรณ ,ชป.,ลุ่มน้ำท่าจีน,14.39693,100.15306,0,1,0,0
TTC06,canal/other,วัดท่าเจดีย์ ,ชป.,ลุ่มน้ำท่าจีน,14.15429,100.12769,0,1,0,0
TTC07,canal/other,โรงเรียนวัดบางปลา,ชป.,ลุ่มน้ำท่าจีน,13.98424,100.17901,0,1,0,0
TTC08,canal/other,ที่ว่าการ อ. นครชัยศรี,ชป.,ลุ่มน้ำท่าจีน,13.80085,100.18805,0,1,0,0
TTC10,canal/other,วัดช่องลม,ชป.,ลุ่มน้ำท่าจีน,13.53072,100.26545,0,1,0,0
TTC11,canal/other,ห้วยโตนด ,ชป.,ลุ่มน้ำท่าจีน,15.0617,99.98283,0,1,0,0
TTC12,canal/other,คลองบ้านเชียน,ชป.,ลุ่มน้ำท่าจีน,14.96257,99.98381,0,1,0,0
TTC13,canal/other,บ้านผาทั่ง,ชป.,ลุ่มน้ำท่าจีน,15.10535,99.5353,0,1,0,0
TTC14,canal/other,บ้านด่านช้าง,ชป.,ลุ่มน้ำท่าจีน,14.81967,99.69414,0,1,0,0
TTC15,canal/other,ไซฟอนกระเสียว,ชป.,ลุ่มน้ำท่าจีน,14.84468,100.01552,0,1,0,0
TTC16,canal/other,ฝายคลองหมื่นเทพ,ชป.,ลุ่มน้ำท่าจีน,14.59024,99.78524,0,1,0,0
TTC17,canal/other,ปตร.ยางยี่แส,ชป.,ลุ่มน้ำท่าจีน,14.38217,99.93006,0,1,0,0
TTC18,canal/other,วัดหนองปลิง,ชป.,ลุ่มน้ำท่าจีน,14.29373,99.80731,0,1,0,0
TTC19,canal/other,ปตร.กำแพงแสน,ชป.,ลุ่มน้ำท่าจีน,13.99719,100.00218,0,1,0,0
TTKO,canal/other,ทต.ท่าตะโก,สสน.,ลุ่มน้ำเจ้าพระยา,15.63248,100.47483,0,1,0,0
TTLG,canal/other,อบต.ทับปุด,สสน.,ลุ่มน้ำภาคใต้ฝั่งตะวันตก,8.503264,98.63018,0,1,0,0
TTP01,canal/other,บ้านต้นโพธิ์ (X.195),ชป.,ลุ่มน้ำภาคใต้ฝั่งตะวันออกตอนบน,8.51,99.51,0,1,0,0
TTP02,canal/other,ที่ว่าการอำเภอช้างกลาง,ชป.,ลุ่มน้ำภาคใต้ฝั่งตะวันออกตอนบน,8.37,99.57,0,1,0,0
TTP03,canal/other,บ้านวังตลับ,ชป.,ลุ่มน้ำภาคใต้ฝั่งตะวันออกตอนบน,8.4,99.35,0,1,0,0
TTP04,canal/other,ที่ว่าการอำเภอลำทับ,ชป.,ลุ่มน้ำภาคใต้ฝั่งตะวันออกตอนบน,8.07,99.29,0,1,0,0
TTP05,canal/other,บ้านบางรูป (X.198),ชป.,ลุ่มน้ำภาคใต้ฝั่งตะวันออกตอนบน,8.41,99.25,0,1,0,0
TTP06,canal/other,วัดสองแพรก,ชป.,ลุ่มน้ำภาคใต้ฝั่งตะวันออกตอนบน,8.37,99.06,0,1,0,0
TTP07,canal/other,โรงเรียนวัดบางสวรรค์,ชป.,ลุ่มน้ำภาคใต้ฝั่งตะวันออกตอนบน,8.62,98.98,0,1,0,0
TTP08,canal/other,บ้านไทรขึง,ชป.,ลุ่มน้ำภาคใต้ฝั่งตะวันออกตอนบน,8.55,99.14,0,1,0,0
TTP09,canal/other,บ้านย่านดินแดง (X.37A),ชป.,ลุ่มน้ำภาคใต้ฝั่งตะวันออกตอนบน,8.57,99.25,0,1,0,0
TTP10,canal/other,ฝายคลองเทวดา,ชป.,ลุ่มน้ำภาคใต้ฝั่งตะวันออกตอนบน,8.63,99.41,0,1,0,0
TTP11,canal/other,บ้านนาสาร (X.81),ชป.,ลุ่มน้ำภาคใต้ฝั่งตะวันออกตอนบน,8.81,99.37,0,1,0,0
TTP12,canal/other,บ้านเคียนซา (X.217),ชป.,ลุ่มน้ำภาคใต้ฝั่งตะวันออกตอนบน,8.85,99.2,0,1,0,0
TTP14,canal/other,โรงเรียนบ้านบางสาน,ชป.,ลุ่มน้ำภาคใต้ฝั่งตะวันออกตอนบน,8.79,98.79,0,1,0,0
TTP15,canal/other,ที่ทำการอบต.คลองศก,ชป.,ลุ่มน้ำภาคใต้ฝั่งตะวันออกตอนบน,8.89,98.66,0,1,0,0
TTP16,canal/other,วัดตาขุน (X.38A),ชป.,ลุ่มน้ำภาคใต้ฝั่งตะวันออกตอนบน,8.92,98.89,0,1,0,0
TTP17,canal/other,โรงเรียนบ้านท่านหญิงวิภา,ชป.,ลุ่มน้ำภาคใต้ฝั่งตะวันออกตอนบน,9.24,98.92,0,1,0,0
TTP18,canal/other,บ้านโพธิ์น้อย,ชป.,ลุ่มน้ำภาคใต้ฝั่งตะวันออกตอนบน,9.14,98.96,0,1,0,0
TTP19,canal/other,วัดจันทร์ประดิษฐาราม,ชป.,ลุ่มน้ำภาคใต้ฝั่งตะวันออกตอนบน,9.06,99.09,0,1,0,0
TTP20,canal/other,บ้านท่าขนอน (X.36),ชป.,ลุ่มน้ำภาคใต้ฝั่งตะวันออกตอนบน,9.03,98.97,0,1,0,0
TTP21,canal/other,สวนสาธารณะเกาะลำพู,ชป.,ลุ่มน้ำภาคใต้ฝั่งตะวันออกตอนบน,9.14,99.31,0,1,0,0
TTP22,canal/other,ฝายคลองลำพูน3,ชป.,ลุ่มน้ำภาคใต้ฝั่งตะวันออกตอนบน,8.95,99.24,0,1,0,0
TTP23,canal/other,วัดบางใหญ่,ชป.,ลุ่มน้ำภาคใต้ฝั่งตะวันออกตอนบน,9.18,99.25,0,1,0,0
TTP24,canal/other,บ้านมอเก็ต,ชป.,ลุ่มน้ำภาคใต้ฝั่งตะวันออกตอนบน,8.7,99.27,0,1,0,0
TTP25,canal/other,บ้านบางน้ำเย็น,ชป.,ลุ่มน้ำภาคใต้ฝั่งตะวันออกตอนบน,8.92,98.84,0,1,0,0
TTP26,canal/other,วัดสองพี่น้อง,ชป.,ลุ่มน้ำภาคใต้ฝั่งตะวันออกตอนบน,8.85,98.73,0,1,0,0
TTP27,canal/other,บ้านทุ่งกรวด,ชป.,ลุ่มน้ำภาคใต้ฝั่งตะวันออกตอนบน,8.35,99.27,0,1,0,0
TTP28,canal/other,วัดบางเงิน,ชป.,ลุ่มน้ำภาคใต้ฝั่งตะวันออกตอนบน,8.55,98.91,0,1,0,0
TTR.01,canal/other,ชลประทานวังกระแจะ,ชป.,ลุ่มน้ำชายฝั่งทะเลตะวันออก,12.25049,102.53021,0,1,0,0
TTR.02,canal/other,ชลประทานตราด,ชป.,ลุ่มน้ำชายฝั่งทะเลตะวันออก,12.24331,102.50655,0,1,0,0
TTR.03,canal/other,บ้านปลายคลอง,ชป.,ลุ่มน้ำชายฝั่งทะเลตะวันออก,12.26097,102.46513,0,1,0,0
TTR.04,canal/other,บ้านไร่ป่า,ชป.,ลุ่มน้ำชายฝั่งทะเลตะวันออก,12.28752,102.52456,0,1,0,0
TTR.05,canal/other,เขาสมิง,ชป.,ลุ่มน้ำชายฝั่งทะเลตะวันออก,12.34875,102.45455,0,1,0,0
TTR.06,canal/other,วัดเทพนิมิตร,ชป.,ลุ่มน้ำชายฝั่งทะเลตะวันออก,12.43391,102.43307,0,1,0,0
TTR.07,canal/other,บ้านศรีบัวทอง,ชป.,ลุ่มน้ำชายฝั่งทะเลตะวันออก,12.47686,102.47806,0,1,0,0
TTR.08,canal/other,วัดคลองขุด,ชป.,ลุ่มน้ำชายฝั่งทะเลตะวันออก,12.36044,102.5493,0,1,0,0
TTR.09,canal/other,อ่างเก็บน้ำห้วยแร้ง,ชป.,ลุ่มน้ำชายฝั่งทะเลตะวันออก,12.40552,102.67433,0,1,0,0
TTR.10,canal/other,วัดวรุณดิตถาราม,ชป.,ลุ่มน้ำชายฝั่งทะเลตะวันออก,12.282,102.61538,0,1,0,0
TTR.11,canal/other,วัดตาพลาย,ชป.,ลุ่มน้ำชายฝั่งทะเลตะวันออก,12.56542,102.41899,0,1,0,0
TTR.12,canal/other,บ่อไร่,ชป.,ลุ่มน้ำชายฝั่งทะเลตะวันออก,12.56924,102.53136,0,1,0,0
TTR.13,canal/other,บ้านด่านชุมพล,ชป.,ลุ่มน้ำชายฝั่งทะเลตะวันออก,12.47019,102.61551,0,1,0,0
TTR.14,canal/other,บ้านคลองขวาง,ชป.,ลุ่มน้ำชายฝั่งทะเลตะวันออก,12.34408,102.64056,0,1,0,0
TTWY,canal/other,ทม.วังน้ำเย็น,สสน.,ลุ่มน้ำบางปะกง,13.50019,102.18437,0,1,0,0
TTr1,canal/other,ฝายวังอ้ายว่าว,ชป.,ลุ่มน้ำภาคใต้ฝั่งตะวันตก,8.23,99.7,0,1,0,0
TTr15,canal/other,อบต.โพรงจระเข้,ชป.,ลุ่มน้ำภาคใต้ฝั่งตะวันตก,7.42,99.8,0,1,0,0
TTr16,canal/other,บ้านเกาะเคี่ยม,ชป.,ลุ่มน้ำภาคใต้ฝั่งตะวันตก,7.34,99.51,0,1,0,0
TTr2,canal/other,อำเภอทุ่งสง,ชป.,ลุ่มน้ำภาคใต้ฝั่งตะวันตก,8.17,99.67,0,1,0,0
TTr3,canal/other,บ้านวังปราง,ชป.,ลุ่มน้ำภาคใต้ฝั่งตะวันตก,8.03,99.63,0,1,0,0
TTr4,canal/other,บ้านปากมูด,ชป.,ลุ่มน้ำภาคใต้ฝั่งตะวันตก,7.98,99.6,0,1,0,0
TTr5,canal/other,อำเภอบางขัน,ชป.,ลุ่มน้ำภาคใต้ฝั่งตะวันตก,8.03,99.47,0,1,0,0
TTr6,canal/other,บ้านนิคม,ชป.,ลุ่มน้ำภาคใต้ฝั่งตะวันตก,7.95,99.53,0,1,0,0
TTr7,canal/other,อ่างเก็บน้ำคลองท่างิ้ว,ชป.,ลุ่มน้ำภาคใต้ฝั่งตะวันตก,7.84,99.69,0,1,0,0
TTr8,canal/other,บ้านเขาหลัก,ชป.,ลุ่มน้ำภาคใต้ฝั่งตะวันตก,7.72,99.73,0,1,0,0
TTr9,canal/other,บ้านลำภูรา,ชป.,ลุ่มน้ำภาคใต้ฝั่งตะวันตก,7.68,99.58,0,1,0,0
TU01,canal/other,,,,,,0,0,1,0
TU02,canal/other,,,,,,0,0,1,0
TU03,canal/other,,,,,,0,0,1,0
TU04,canal/other,,,,,,0,0,1,0
TU05,canal/other,,,,,,0,0,1,0
TU06,canal/other,,,,,,0,0,1,0
TU07,canal/other,,,,,,0,0,1,0
TU08,canal/other,,,,,,0,0,1,0
TU09,canal/other,,,,,,0,0,1,0
TU10,canal/other,,,,,,0,0,1,0
TUKW,canal/other,อบต.ทุ่งคาวัด,สสน.,ลุ่มน้ำภาคใต้ฝั่งตะวันออกตอนบน,9.74115,99.02649,0,1,0,0
TUP.02,canal/other,สถานีน้ำแม่แตง (ฝายแม่แตงเหนือน้ำ),ชป.,ลุ่มน้ำปิง,19.15729,98.91881,0,1,0,0
TUP.10,canal/other,สถานีแม่น้ำปิงที่ฝายหนองสลีก,ชป.,ลุ่มน้ำปิง,18.5252,98.90216,0,1,0,0
TUP.12,canal/other,เขื่อนแม่กวงอุดมธารา,ชป.,ลุ่มน้ำปิง,18.92954,99.12771,0,1,0,0
TUP.13,canal/other,สถานีวัดน้ำฝน บ้านตีนตั่ง,ชป.,ลุ่มน้ำปิง,19.51233,98.95883,0,1,0,0
TUP.14,canal/other,สถานีแม่น้ำปิงที่โครงการส่งน้ำและบำรุงรักษาแม่แฝก-แม่งัด,ชป.,ลุ่มน้ำปิง,19.10338,98.95432,0,1,0,0
TUP.15,canal/other,สถานีวัดน้ำฝนที่วัดท่ามะเกี๋ยง ,ชป.,ลุ่มน้ำปิง,19.41865,99.19748,0,1,0,0
TUP.16,canal/other,สถานีเขื่อนแม่งัดสมบูรณ์ชล,ชป.,ลุ่มน้ำปิง,19.16155,99.03961,0,1,0,0
TUP.17,canal/other,สถานีวัดน้ำฝน บ้านเมืองคอง,ชป.,ลุ่มน้ำปิง,19.37518,98.70822,0,1,0,0
TUP.18,canal/other,สถานีโครงการชลประทานแม่ปิงเก่า,ชป.,ลุ่มน้ำปิง,18.69064,98.98711,0,1,0,0
TUP.19,canal/other,สถานีคลองส่งน้ำแม่แตง,ชป.,ลุ่มน้ำปิง,18.80538,98.96016,0,1,0,0
TUP.20,canal/other,สถานีวัดน้ำฝน ศูนย์วิจัยข้าวสะเมิง,ชป.,ลุ่มน้ำปิง,18.84685,98.73328,0,1,0,0
TUP.21,canal/other,สถานีวัดน้ำฝนทุ่งหัวช้าง,ชป.,ลุ่มน้ำปิง,18.00242,99.02919,0,1,0,0
TUP.22,canal/other,สถานีฝายวังปาน,ชป.,ลุ่มน้ำปิง,18.40205,98.70598,0,1,0,0
TUP.23,canal/other,สถานีวัดน้ำฝนในบริเวณลุ่มน้ำแม่แจ่มตอนบน บ้านปางอุ๋ง,ชป.,ลุ่มน้ำปิง,18.86317,98.24946,0,1,0,0
TW.10A,canal/other,สถานีโทรมาตร เขื่อนกิ่วลม อ.แจ้ห่ม จ.ลำปาง,ชป.,ลุ่มน้ำวัง,18.51919,99.63092,0,1,0,0
TW.17A,canal/other,สถานีน้ำแม่สอย  W.17A,ชป.,ลุ่มน้ำวัง,18.74458,99.56851,0,1,0,0
TW.18A,canal/other,สถานีน้ำแม่ต๋ำ  W.18A,ชป.,ลุ่มน้ำวัง,18.07052,99.3232,0,1,0,0
TW.1C,canal/other,สถานีแม่น้ำวัง  W.1C,ชป.,ลุ่มน้ำวัง,18.29964,99.51079,0,1,0,0
TW.21,canal/other,สถานีโทรมาตร วัดต้นธงชัย อ.เมือง จ.ลำปาง,ชป.,ลุ่มน้ำวัง,18.32361,99.52738,0,1,0,0
TW.22,canal/other,สถานีน้ำแม่จาง  W.22,ชป.,ลุ่มน้ำวัง,18.14415,99.40841,0,1,0,0
TW.23,canal/other,สถานีแม่น้ำวัง  W.23,ชป.,ลุ่มน้ำวัง,17.36663,99.11351,0,1,0,0
TW.27,canal/other,TW.27,ชป.,ลุ่มน้ำวัง,18.81143,99.57511,0,1,0,0
TW.28,canal/other,TW.28,ชป.,ลุ่มน้ำวัง,18.55926,99.46684,0,1,0,0
TW.29,canal/other,TW.29,ชป.,ลุ่มน้ำวัง,18.36867,99.32632,0,1,0,0
TW.30,canal/other,TW.30,ชป.,ลุ่มน้ำวัง,18.24121,99.31676,0,1,0,0
TW.31,canal/other,TW.31,ชป.,ลุ่มน้ำวัง,18.13277,99.62004,0,1,0,0
TW.32,canal/other,TW.32,ชป.,ลุ่มน้ำวัง,18.02454,99.2181,0,1,0,0
TW.33,canal/other,TW.33,ชป.,ลุ่มน้ำวัง,17.64867,99.27566,0,1,0,0
TW.34,canal/other,TW.34,ชป.,ลุ่มน้ำวัง,17.55363,99.17798,0,1,0,0
TW.35,canal/other,TW.35,ชป.,ลุ่มน้ำวัง,17.47927,99.08609,0,1,0,0
TW.3A,canal/other,สถานีโทรมาตร บ้านดอนชัย อ.เถิน จ.ลำปาง,ชป.,ลุ่มน้ำวัง,17.64139,99.23444,0,1,0,0
TW.4A,canal/other,สถานีโทรมาตร วังหมัน อ.สามเงา จ.ตาก,ชป.,ลุ่มน้ำวัง,17.20648,99.10008,0,1,0,0
TW.5A,canal/other,สถานีแม่น้ำวัง  W.5A,ชป.,ลุ่มน้ำวัง,18.19158,99.39628,0,1,0,0
TW.kl,canal/other,สถานีเขื่อนกิ่วลม,ชป.,ลุ่มน้ำวัง,18.52275,99.62499,0,1,0,0
TW.ls,canal/other,สถานีฝายหลวงสบอาง,ชป.,ลุ่มน้ำวัง,18.43985,99.63238,0,1,0,0
TW.ss,canal/other,สถานีฝายยางประสบสุก,ชป.,ลุ่มน้ำวัง,18.77413,99.57079,0,1,0,0
TX.139B,canal/other,สถานีโทรมาตร บ้านปากแครง ต.ปะเหลียน อ.ประเหลียน จ.ตรัง,ชป.,ลุ่มน้ำภาคใต้ฝั่งตะวันตก,7.31475,99.82543,0,1,0,0
TX.150,canal/other,บ้านวังพระเคียน,ชป.,ลุ่มน้ำภาคใต้ฝั่งตะวันตก,6.94,99.87,0,1,0,0
TX.185,canal/other,วัดนิกรวราราม (ย่านยาว),ชป.,ลุ่มน้ำภาคใต้ฝั่งตะวันตก,8.87,98.35,0,1,0,0
TX.186,canal/other,บ้านตลาดเก่า,ชป.,ลุ่มน้ำภาคใต้ฝั่งตะวันตก,8.83,98.37,0,1,0,0
TX.187,canal/other,บ้านหินดาน,ชป.,ลุ่มน้ำภาคใต้ฝั่งตะวันตก,8.78,98.39,0,1,0,0
TX.188A,canal/other,บ้านรมณีย์,ชป.,ลุ่มน้ำภาคใต้ฝั่งตะวันตก,8.83,98.46,0,1,0,0
TX.196,canal/other,บ้านท่านา,ชป.,ลุ่มน้ำภาคใต้ฝั่งตะวันตก,8.7,98.41,0,1,0,0
TX.230,canal/other,บ้านท่าปาบ(X.230),ชป.,ลุ่มน้ำภาคใต้ฝั่งตะวันตก,7.57,99.69,0,1,0,0
TX.231A,canal/other,ชุมชนประชาบำรุง,ชป.,ลุ่มน้ำภาคใต้ฝั่งตะวันตก,6.88,99.78,0,1,0,0
TX.234,canal/other,วัดไพรสณฑ์ (X.234),ชป.,ลุ่มน้ำภาคใต้ฝั่งตะวันตก,7.59,99.58,0,1,0,0
TX.236,canal/other,บ้านย่านตาขาว(X.236),ชป.,ลุ่มน้ำภาคใต้ฝั่งตะวันตก,7.37,99.68,0,1,0,0
TX.331,canal/other,บ้านสะพานเสือ,ชป.,ลุ่มน้ำภาคใต้ฝั่งตะวันตก,8.75,98.39,0,1,0,0
TX.332,canal/other,บ้านเหล,ชป.,ลุ่มน้ำภาคใต้ฝั่งตะวันตก,8.77,98.44,0,1,0,0
TX.333,canal/other,บ้านนาข่าเหนือ,ชป.,ลุ่มน้ำภาคใต้ฝั่งตะวันตก,6.91,99.85,0,1,0,0
TX.334,canal/other,บ้านอุใดใต้,ชป.,ลุ่มน้ำภาคใต้ฝั่งตะวันตก,6.93,99.94,0,1,0,0
TX.335,canal/other,บ้านเหนือคลอง,ชป.,ลุ่มน้ำภาคใต้ฝั่งตะวันตก,7,100.02,0,1,0,0
TX.336,canal/other,บ้านผังปาล์ม 1,ชป.,ลุ่มน้ำภาคใต้ฝั่งตะวันตก,7,99.91,0,1,0,0
TX.337,canal/other,บ้านวังสายทอง,ชป.,ลุ่มน้ำภาคใต้ฝั่งตะวันตก,7.06,99.9,0,1,0,0
TX.338,canal/other,ปากแม่น้ำปัตตานี,ชป.,ลุ่มน้ำภาคใต้ฝั่งตะวันออกตอนล่าง,6.9,101.25,0,1,0,0
TX.339,canal/other,เทศบาลเมืองปัตตานี,ชป.,ลุ่มน้ำภาคใต้ฝั่งตะวันออกตอนล่าง,6.85,101.25,0,1,0,0
TX.341,canal/other,บ้านบาซาเอ,ชป.,ลุ่มน้ำภาคใต้ฝั่งตะวันออกตอนล่าง,6.74,101.27,0,1,0,0
TX.343,canal/other,เขื่อนปัตตานี,ชป.,ลุ่มน้ำภาคใต้ฝั่งตะวันออกตอนล่าง,6.68,101.29,0,1,0,0
TX.345,canal/other,บ้านกะดูโด๊ะ,ชป.,ลุ่มน้ำภาคใต้ฝั่งตะวันออกตอนล่าง,6.41,101.28,0,1,0,0
TX.347,canal/other,ท้ายเขื่อนบางลาง,ชป.,ลุ่มน้ำภาคใต้ฝั่งตะวันออกตอนล่าง,6.16,101.28,0,1,0,0
TX.348,canal/other,ปตร.ปลายคลอง D8,ชป.,ลุ่มน้ำภาคใต้ฝั่งตะวันออกตอนล่าง,6.86,101.21,0,1,0,0
TX.349,canal/other,ปตร.ตุยง,ชป.,ลุ่มน้ำภาคใต้ฝั่งตะวันออกตอนล่าง,6.84,101.17,0,1,0,0
TX.350,canal/other,บ้านกาแลภูมิ,ชป.,ลุ่มน้ำภาคใต้ฝั่งตะวันออกตอนล่าง,6.76,101.24,0,1,0,0
TX.351,canal/other,ปตร.D2,ชป.,ลุ่มน้ำภาคใต้ฝั่งตะวันออกตอนล่าง,6.84,101.13,0,1,0,0
TX.352,canal/other,บ้านตาสา,ชป.,ลุ่มน้ำภาคใต้ฝั่งตะวันออกตอนล่าง,6.56,101.22,0,1,0,0
TX.353,canal/other,บ้านอาบอ,ชป.,ลุ่มน้ำภาคใต้ฝั่งตะวันออกตอนล่าง,6.47,101.15,0,1,0,0
TX.354,canal/other,บ้านกูหมัง,ชป.,ลุ่มน้ำภาคใต้ฝั่งตะวันออกตอนล่าง,6.23,101.22,0,1,0,0
TX.355,canal/other,บ้านทรายแก้ว,ชป.,ลุ่มน้ำภาคใต้ฝั่งตะวันออกตอนล่าง,6.27,101.33,0,1,0,0
TX.361,canal/other,สถานีโทรมาตร บ้านตอออ อ.แว้ง จ.นราธิวาส,ชป.,ลุ่มน้ำภาคใต้ฝั่งตะวันออกตอนล่าง,5.96204,101.94124,0,1,0,0
TX.362,canal/other,สถานีโทรมาตร บ้านบางขุด อ.แว้ง จ.นราธิวาส,ชป.,ลุ่มน้ำภาคใต้ฝั่งตะวันออกตอนล่าง,5.92445,101.924,0,1,0,0
TX.364,canal/other,สถานีโทรมาตร บ้านแว้ง อ.แว้ง จ.นราธิวาส,ชป.,ลุ่มน้ำภาคใต้ฝั่งตะวันออกตอนล่าง,5.92652,101.88391,0,1,0,0
TX.366,canal/other,บ้านกาวะ,ชป.,ลุ่มน้ำภาคใต้ฝั่งตะวันออกตอนล่าง,6.03,101.9,0,1,0,0
TX.367(D/S),canal/other,ท้าย ทรบ.ปากคลองปาเสมัส,ชป.,ลุ่มน้ำภาคใต้ฝั่งตะวันออกตอนล่าง,6.04,101.98,0,1,0,0
TX.56,canal/other,บ้านท่าประดู่ (X.56),ชป.,ลุ่มน้ำภาคใต้ฝั่งตะวันตก,7.77,99.54,0,1,0,0
TX109,canal/other,บ้านควนอินนอโม,ชป.,ลุ่มน้ำทะเลสาบสงขลา,7.35,100.06,0,1,0,0
TX141,canal/other,ฝายนาท่อม,ชป.,ลุ่มน้ำทะเลสาบสงขลา,7.59,100.01,0,1,0,0
TX170,canal/other,บ้านคลองลำ,ชป.,ลุ่มน้ำทะเลสาบสงขลา,7.56,99.99,0,1,0,0
TX21A,canal/other,ฝายท่าเชียด,ชป.,ลุ่มน้ำทะเลสาบสงขลา,7.36,100.11,0,1,0,0
TX265,canal/other,โรงเรียนเทศบาลวัดภูผาภิมุข,ชป.,ลุ่มน้ำทะเลสาบสงขลา,7.62,100.08,0,1,0,0
TX276,canal/other,บ้านเขาปู่,ชป.,ลุ่มน้ำทะเลสาบสงขลา,7.71,99.84,0,1,0,0
TX69,canal/other,บ้านพรุพร้อ,ชป.,ลุ่มน้ำทะเลสาบสงขลา,7.19,100.22,0,1,0,0
TX83,canal/other,บ้านทะเลน้อย,ชป.,ลุ่มน้ำทะเลสาบสงขลา,7.79,100.12,0,1,0,0
TY.13B,canal/other,สถานีโทรมาตร บ้านหลวงเหนือ จ.ลำปาง,ชป.,ลุ่มน้ำยม,18.75774,99.97515,0,1,0,0
TY.14,canal/other,สถานีโทรมาตร อ.ศรีสัชนาลัย จ.สุโขทัย,ชป.,ลุ่มน้ำยม,17.59542,99.71631,0,1,0,0
TY.16,canal/other,สถานีโทรมาตร อ.บางระกำ จ.พิษณุโลก,ชป.,ลุ่มน้ำยม,16.75806,100.12139,0,1,0,0
TY.17,canal/other,สถานีโทรมาตร อ.สามง่าม จ.พิจิตร,ชป.,ลุ่มน้ำยม,16.50855,100.2037,0,1,0,0
TY.1C,canal/other,สถานีโทรมาตร อ.เมือง จ.แพร่,ชป.,ลุ่มน้ำยม,18.13403,100.124,0,1,0,0
TY.31,canal/other,สถานีโทรมาตร บ้านทุ่งหนอง จ.พะเยา,ชป.,ลุ่มน้ำยม,18.94622,100.25821,0,1,0,0
TY.37,canal/other,สถานีโทรมาตร บ้านใหม่กลาง อ.วังชิ้น จ.แพร่,ชป.,ลุ่มน้ำยม,17.89941,99.60375,0,1,0,0
TY.3A,canal/other,สถานีโทรมาตร อ.สวรรคโลก จ.สุโขทัย,ชป.,ลุ่มน้ำยม,17.30139,99.82954,0,1,0,0
TY.4,canal/other,สถานีโทรมาตร ต.ธานี อ.เมือง จ.สุโขทัย,ชป.,ลุ่มน้ำยม,17.00739,99.81903,0,1,0,0
TY.42,canal/other,สถานีโทรมาตร อำเภอโพธิ์ประทับช้าง จ.พิจิตร,ชป.,ลุ่มน้ำยม,16.31032,100.27146,0,1,0,0
TY.44,canal/other,สถานีโทรมาตร ตำบลต้าผาหมอก จ.แพร่,ชป.,ลุ่มน้ำยม,18.15895,99.94327,0,1,0,0
TY.45,canal/other,สถานีโทรมาตร บ้านไผ่โทน จ.แพร่,ชป.,ลุ่มน้ำยม,18.38805,100.43325,0,1,0,0
TY.46,canal/other,สถานีโทรมาตร บ้านวังยาว จ.น่าน,ชป.,ลุ่มน้ำยม,18.84309,100.42747,0,1,0,0
TY.47,canal/other,สถานีโทรมาตร อำเภอปง จ.พะเยา,ชป.,ลุ่มน้ำยม,19.15073,100.27525,0,1,0,0
TY.48,canal/other,สถานีโทรมาตร บ้านแฮะ จ.พะเยา,ชป.,ลุ่มน้ำยม,19.30291,100.3906,0,1,0,0
TY.51,canal/other,ห้วยแม่พวก,ชป.,ลุ่มน้ำยม,17.96015,100.06547,0,1,0,0
TY.53,canal/other,ห้วยแม่สิน,ชป.,ลุ่มน้ำยม,17.72823,99.71508,0,1,0,0
TY.54,canal/other,ปตร.คลองหกบาท,ชป.,ลุ่มน้ำยม,17.37505,99.80881,0,1,0,1
TY.55,canal/other,ปตร.ปากพระ,ชป.,ลุ่มน้ำยม,16.9145,99.8438,0,1,0,0
TY.57,canal/other,ปตร.บ้านวังสะตือ,ชป.,ลุ่มน้ำยม,16.87341,100.02551,0,1,0,0
TY.58,canal/other,วัดท่าไม้,ชป.,ลุ่มน้ำยม,15.91588,100.24641,0,1,0,0
TYTK,canal/other,ทต.ควนโพธิ์,สสน.,ลุ่มน้ำภาคใต้ฝั่งตะวันตก,7.415494,99.666435,0,1,0,0
Tkol.12,canal/other,สถานีโทรมาตร บ้านบาโงมาแย อ.สุไหงปาดี จ.นราธิวาส,ชป.,ลุ่มน้ำภาคใต้ฝั่งตะวันออกตอนล่าง,5.99627,101.8631,0,1,0,0
Tny.1,canal/other,เขานางบวช,ชป.,ลุ่มน้ำบางปะกง,14.24509,101.27403,0,1,0,0
Tny.11,canal/other,เขื่อนนายก,ชป.,ลุ่มน้ำบางปะกง,14.18228,101.16229,0,1,0,0
Tny.13,canal/other,คลองบ้านนา(ชะอม),ชป.,ลุ่มน้ำบางปะกง,14.40409,101.11062,0,1,0,0
Tny.2,canal/other,เขื่อนคลองท่าด่าน,ชป.,ลุ่มน้ำบางปะกง,14.30184,101.31698,0,1,0,0
UDN001,canal/other,คลองดาน,สสน.,ลุ่มน้ำโขงตะวันออกเฉียงเหนือ,17.38925,103.08734,1,0,0,0
UDN002,canal/other,คลองน้ำงาว,สสน.,ลุ่มน้ำโขงตะวันออกเฉียงเหนือ,17.69902,102.4467,1,0,0,0
UDN003,canal/other,คลองสงคราม,สสน.,ลุ่มน้ำโขงตะวันออกเฉียงเหนือ,17.39577,103.30043,1,0,0,0
UPCT,canal/other,ทต.อุ้มผาง,สสน.,ลุ่มน้ำแม่กลอง,16.01776,98.86513,0,1,0,0
URCD02,canal/other,น้ำพรม บ้านกุดเลาะ    ,กฟผ.,ลุ่มน้ำชี,16.293755,101.904798,1,0,0,0
URTD01,canal/other,ลำน้ำพอง (เหนือฝายหนองหวาย),กฟผ.,ลุ่มน้ำชี,16.724766,102.803416,1,0,0,0
URTD02,canal/other,ลำน้ำพอง โรงเรียนลำน้ำพอง,กฟผ.,ลุ่มน้ำชี,16.571498,102.881228,1,0,0,0
URTD03,canal/other,แม่น้ำชี ฝายมหาสารคาม(เหนือ),กฟผ.,ลุ่มน้ำชี,16.368304,102.946387,1,0,0,0
URTD05,canal/other,แม่น้ำชี บ้านหินกอง,กฟผ.,ลุ่มน้ำชี,16.250316,102.743923,1,0,0,0
URTU02,canal/other,น้ำพอง อ.สีชมพู,กฟผ.,ลุ่มน้ำชี,16.88054,102.145442,1,0,0,0
URTU03,canal/other,ลำพะเนียง อ.เมือง,กฟผ.,ลุ่มน้ำชี,17.182448,102.431941,1,0,0,0
URTU07,canal/other,น้ำพอง บ้านผานกเค้า (E.29),กฟผ.,ลุ่มน้ำชี,16.847333,101.943603,1,0,0,0
URTU09,canal/other,น้ำพรม อ.เกษตรสมบูรณ์,กฟผ.,ลุ่มน้ำชี,16.309406,101.971772,1,0,0,0
UTOG,canal/other,ทต.บ้านนา,สสน.,ลุ่มน้ำชายฝั่งทะเลตะวันออก,12.826843,101.66966,0,1,0,0
VLGE03,canal/other,เปร็ดใน,สสน.,ลุ่มน้ำชายฝั่งทะเลตะวันออก,12.14203,102.52977,0,1,0,0
VLGE04,canal/other,ป่าสักงาม,สสน.,ลุ่มน้ำปิง,18.9926,99.12811,0,1,0,0
VLGE06,canal/other,ชุมชนบ้านแม่ละอุป,สสน.,ลุ่มน้ำปิง,19.00122,98.27111,0,1,0,0
VLGE09,canal/other,ชุมชนบ้านทับคริสต์,สสน.,ลุ่มน้ำภาคใต้ฝั่งตะวันออกตอนบน,8.75029,98.80189,0,1,0,0
VLGE11,canal/other,ชุมชนบ้านห้วยทราย,สสน.,ลุ่มน้ำปิง,19.34,99.21733,0,1,0,0
VLGE12,canal/other,สะพานนครป่าหมากร่วมใจ,สสน.,ลุ่มน้ำน่าน,16.60887,100.36977,1,1,0,0
VLGE13,canal/other,ชุมแสงสงคราม,สสน.,ลุ่มน้ำยม,16.8586,100.05965,1,1,0,0
VLGE15,canal/other,ชุมชนหนองปิ้งไก่,สสน.,ลุ่มน้ำปิง,16.4348,99.36729,0,1,0,0
VLGE16,canal/other,ชุมชนลีเล็ด,สสน.,ลุ่มน้ำภาคใต้ฝั่งตะวันออกตอนบน,9.191764,99.253975,1,1,0,0
VLGE17,canal/other,รร.ปะทิววิทยา,สสน.,ลุ่มน้ำภาคใต้ฝั่งตะวันออกตอนบน,10.70853,99.34739,0,1,0,0
VLGE19,canal/other,วัดบ้านดงผาปูน,สสน.,ลุ่มน้ำน่าน,19.07307,101.19879,0,1,0,0
VLGE20,canal/other,ศาลาดิน,สสน.,ลุ่มน้ำท่าจีน,13.80777,100.27417,1,1,0,0
VLGE25,canal/other,แม่หาด,สสน.,ลุ่มน้ำปิง,18.46006,98.65094,0,1,0,0
VLGE26,canal/other,ชุมชนประแส,สสน.,ลุ่มน้ำชายฝั่งทะเลตะวันออก,12.716423,101.704124,0,1,0,0
VLGE28,canal/other,ชุมชนแม่ตาลน้อย,สสน.,ลุ่มน้ำวัง,18.41521,99.26469,0,1,0,0
VLGE29,canal/other,ชุมชนบ้านท่าด่าน,สสน.,ลุ่มน้ำภาคใต้ฝั่งตะวันออกตอนล่าง,6.834729,101.20043,0,1,0,0
VLGE30,canal/other,บ้านหนองตาจอน,สสน.,ลุ่มน้ำเพชรบุรี-ประจวบคีรีขันธ์,13.43388,99.67017,0,1,0,0
VLGE33,canal/other,ชุมชนบ้านโคกพะยอม,สสน.,ลุ่มน้ำภาคใต้ฝั่งตะวันตก,6.818735,99.80932,0,1,0,0
VLGE35,canal/other,ชุมชนบ้านเหมือง,สสน.,ลุ่มน้ำภาคใต้ฝั่งตะวันออกตอนล่าง,5.92379,101.12599,0,1,0,0
VLGE36,canal/other,ชุมชนห้วยไร่,สสน.,ลุ่มน้ำยม,17.88574,100.04161,0,1,0,0
VLGE40,canal/other,บ้านทับคริสต์,สสน.,ลุ่มน้ำภาคใต้ฝั่งตะวันออกตอนบน,8.725811,98.821014,0,1,0,0
VLGE41,canal/other,ชุมชนบ้านควน 1,สสน.,ลุ่มน้ำภาคใต้ฝั่งตะวันออกตอนล่าง,6.576934,101.169464,0,1,0,0
VLGE42,canal/other,ชุมชนบ้านควน 2,สสน.,ลุ่มน้ำภาคใต้ฝั่งตะวันออกตอนล่าง,6.57636,101.199104,0,1,0,0
VLGE47,canal/other,วัดบางแตน,สสน.,ลุ่มน้ำบางปะกง,13.902437,101.168,0,1,0,0
VLGE48,canal/other,ฝายดงผาปูน,สสน.,ลุ่มน้ำน่าน,19.071646,101.19702,0,1,0,0
VLGE49,canal/other,ตำบลซับสมบูรณ์,สสน.,ลุ่มน้ำป่าสัก,15.61598,101.02351,0,1,0,0
VLGE50,canal/other,อบต.นาแขม,สสน.,ลุ่มน้ำบางปะกง,14.04255,101.72051,0,1,0,0
W01,canal/other,ประตูระบายน้ำคลองทวีวัฒนา,สนน กทม.,ลุ่มน้ำเจ้าพระยา,13.800449,100.329673,0,1,0,0
W02,canal/other,ประตูระบายน้ำคลองบัว ตอนทางรถไฟสายใต้,สนน กทม.,ลุ่มน้ำเจ้าพระยา,13.799577,100.416126,0,1,0,0
W03,canal/other,สถานีสูบน้ำคลองชักพระ,สนน กทม.,ลุ่มน้ำเจ้าพระยา,13.778943,100.464936,0,1,0,0
W04,canal/other,สถานีสูบน้ำคลองมอญ,สนน กทม.,ลุ่มน้ำเจ้าพระยา,13.747103,100.485091,0,1,0,0
W05,canal/other,สถานีวัดระดับน้ำ-น้ำฝน คลองบางเชือกหนัง ตอนคลองราชมนตรี,สนน กทม.,ลุ่มน้ำเจ้าพระยา,13.743378,100.423943,0,1,0,0
W06,canal/other,สถานีสูบน้ำคลองบางกอกใหญ่,สนน กทม.,ลุ่มน้ำเจ้าพระยา,13.740663,100.490284,0,1,0,0
W07,canal/other,สถานีสูบน้ำคลองภาษีเจริญ,สนน กทม.,ลุ่มน้ำเจ้าพระยา,13.722089,100.468706,0,1,0,0
W08,canal/other,สถานีวัดระดับน้ำ-น้ำฝน คลองภาษีเจริญ ตอนคลองราชมนตรี,สนน กทม.,ลุ่มน้ำเจ้าพระยา,13.707494,100.426325,0,1,0,0
W09,canal/other,สถานีสูบน้ำคลองสำเหร่ ตอนแม่น้ำเจ้าพระยา,สนน กทม.,ลุ่มน้ำเจ้าพระยา,13.707017,100.496368,0,1,0,0
W10,canal/other,สถานีวัดระดับน้ำ-น้ำฝน คลองสนามชัย ตอนคลองบางขุนเทียน,สนน กทม.,ลุ่มน้ำเจ้าพระยา,13.701239,100.464888,0,1,0,0
W10A,canal/other,,,,,,0,0,1,0
W11,canal/other,สถานีสูบน้ำคลองดาวคะนอง,สนน กทม.,ลุ่มน้ำเจ้าพระยา,13.694876,100.487601,0,1,0,0
W12,canal/other,สถานีวัดระดับน้ำ-น้ำฝน คลองทวีวัฒนา ตอนคลองภาษีเจริญ,สนน กทม.,ลุ่มน้ำเจ้าพระยา,13.691831,100.381233,0,1,0,0
W13,canal/other,สถานีสูบน้ำคลองสี่บาท,สนน กทม.,ลุ่มน้ำเจ้าพระยา,13.67319,100.445447,0,1,0,0
W14,canal/other,สถานีสูบน้ำคลองแจงร้อน,สนน กทม.,ลุ่มน้ำเจ้าพระยา,13.67625,100.521041,0,1,0,0
W15,canal/other,ประตูระบายน้ำคลองรางจาก ตอนถนนประชาอุทิศ,สนน กทม.,ลุ่มน้ำเจ้าพระยา,13.634956,100.502115,0,1,0,0
W16,canal/other,สถานีสูบน้ำคลองเลนเปน,สนน กทม.,ลุ่มน้ำเจ้าพระยา,13.606948,100.413114,0,1,0,0
W18,canal/other,สถานีสูบน้ำคลองพระยาราชมนตรี,สนน กทม.,ลุ่มน้ำเจ้าพระยา,13.627932,100.439424,0,1,0,0
WCBR,canal/other,ทม.วิเชียรบุรี,สสน.,ลุ่มน้ำป่าสัก,15.65728,101.12476,0,1,0,0
WCHN,canal/other,อบต.วังชิ้น,สสน.,ลุ่มน้ำยม,17.87937,99.61921,0,1,0,0
WCTK,canal/other,โครงการชลประทานพิษณุโลก,สสน.,ลุ่มน้ำน่าน,16.81502,100.25992,0,1,0,0
WD01,canal/other,,,,,,0,0,1,0
WD02,canal/other,,,,,,0,0,1,0
WGHG,canal/other,อบต.เปียงหลวง,สสน.,ลุ่มน้ำปิง,19.64923,98.63487,0,1,0,0
WGNA,canal/other,ทต.บ้านใหม่,สสน.,ลุ่มน้ำวัง,19.17674,99.62086,0,1,0,0
WGPO,canal/other,ลานกีฬา อบต.วังโป่ง,สสน.,ลุ่มน้ำน่าน,16.36589,100.83071,0,1,0,0
WGSA,canal/other,ทต.กลางเวียง,สสน.,ลุ่มน้ำน่าน,18.56617,100.73545,0,1,0,0
WGTG,canal/other,ที่ทำการผู้ใหญ่บ้าน หมู่ 13 ต.วังทอง,สสน.,ลุ่มน้ำน่าน,16.83175,100.42888,0,1,0,0
WGYG,canal/other,อบต.วังม่วง,สสน.,ลุ่มน้ำป่าสัก,14.84867,101.14549,0,1,0,0
WMS01,canal/other,,,,,,0,0,0,1
WPSN,canal/other,ทต.ป่าแมต,สสน.,ลุ่มน้ำยม,18.144354,100.1216,0,1,0,0
WR089,canal/other,,,,,,0,0,0,1
WR092,canal/other,,,,,,0,0,0,1
WR131,canal/other,,,,,,0,0,0,1
WR152,canal/other,,,,,,0,0,0,1
WR161,canal/other,,,,,,0,0,0,1
WR167,canal/other,,,,,,0,0,0,1
WR176,canal/other,,,,,,0,0,0,1
WR183,canal/other,,,,,,0,0,0,1
WR188,canal/other,,,,,,0,0,0,1
WRRS,canal/other,อบต.ศรีกะอาง,สสน.,ลุ่มน้ำบางปะกง,14.27798,101.12879,0,1,0,0
WSPN,canal/other,อบต.วังทรายพูน,สสน.,ลุ่มน้ำน่าน,16.40616,100.53869,0,1,0,0
WSPR,canal/other,ทต.โคกตูม,สสน.,ลุ่มน้ำเจ้าพระยา,14.81266,100.78995,0,1,0,0
WSTG,canal/other,รร.บ้านไทรทอง,สสน.,ลุ่มน้ำแม่กลอง,13.82329,99.28462,0,1,0,0
WTBT,canal/other,อบต.วัดโบสถ์,สสน.,ลุ่มน้ำน่าน,16.95813,100.33734,0,1,0,0
WTCH,canal/other,อบต.วังท่าช้าง,สสน.,ลุ่มน้ำบางปะกง,13.75941,101.88693,0,1,0,0
WTLG,canal/other,บ่อบำบัด ทม.พิจิตร,สสน.,ลุ่มน้ำน่าน,16.43317,100.33195,0,1,0,0
WTSG,canal/other,ทต.วัดสิงห์,สสน.,ลุ่มน้ำท่าจีน,15.2584,100.04493,0,1,0,0
WWST,canal/other,วัดเนินสวรรค์มงคลธรรม,สสน.,ลุ่มน้ำเพชรบุรี-ประจวบคีรีขันธ์,12.41647,99.81781,0,1,0,0
X.10A,canal/other,สะพานเดชานุชิต,ชป.,ลุ่มน้ำภาคใต้ฝั่งตะวันออกตอนล่าง,6.866,101.252129,1,0,0,0
X.113,canal/other,บ้านทุ่งปราบ,ชป.,ลุ่มน้ำทะเลสาบสงขลา,6.63504,100.39341,1,0,0,0
X.119,canal/other,บ้านมูโน๊ะ,ชป.,ลุ่มน้ำภาคใต้ฝั่งตะวันออกตอนล่าง,6.07114,102.035881,1,0,0,0
X.119A,canal/other,บริเวณสะพานลันตู,ชป.,ลุ่มน้ำภาคใต้ฝั่งตะวันออกตอนล่าง,6.02261,101.974892,1,0,0,0
X.139A,canal/other,บ้านปะเหลียนใน,ชป.,ลุ่มน้ำภาคใต้ฝั่งตะวันตก,7.32009,99.7957,1,0,0,0
X.149,canal/other,บ้านท้า่ยนา,ชป.,ลุ่มน้ำภาคใต้ฝั่งตะวันออกตอนบน,8.73097,99.746094,1,0,0,0
X.150,canal/other,บ้านวังพระเคียน,ชป.,ลุ่มน้ำภาคใต้ฝั่งตะวันตก,6.94082,99.872917,1,0,0,0
X.158,canal/other,บ้านวังครก,ชป.,ลุ่มน้ำภาคใต้ฝั่งตะวันออกตอนบน,10.59451,99.141769,1,0,0,0
X.167,canal/other,บ้านเสาธง,ชป.,ลุ่มน้ำภาคใต้ฝั่งตะวันออกตอนบน,8.2801,99.906487,1,0,0,0
X.170,canal/other,บ้านคลองลำ,ชป.,ลุ่มน้ำทะเลสาบสงขลา,7.55901,99.987556,1,0,0,0
X.173A,canal/other,บ้านม่วงก็อง,ชป.,ลุ่มน้ำทะเลสาบสงขลา,6.79663,100.442337,1,0,0,0
X.174,canal/other,บ้านคลองหวะ,ชป.,ลุ่มน้ำทะเลสาบสงขลา,6.98637,100.481857,1,0,0,0
X.176,canal/other,บ้านหาดทรายแก้ว ,ชป.,ลุ่มน้ำภาคใต้ฝั่งตะวันออกตอนบน,8.42915,99.508362,1,0,0,0
X.180,canal/other,สะพานเทศบาล 2,ชป.,ลุ่มน้ำภาคใต้ฝั่งตะวันออกตอนบน,10.49706,99.17012,1,0,0,0
X.184,canal/other,บ้านซากอ,ชป.,ลุ่มน้ำภาคใต้ฝั่งตะวันออกตอนล่าง,6.22716,101.496948,1,0,0,0
X.186,canal/other,บ้านตลาดเก่า,ชป.,ลุ่มน้ำภาคใต้ฝั่งตะวันตก,8.82934,98.36924,1,0,0,0
X.187,canal/other,บ้านหินดาน,ชป.,ลุ่มน้ำภาคใต้ฝั่งตะวันตก,8.77622,98.390472,1,0,0,0
X.188A,canal/other,บ้านรมณีย์,ชป.,ลุ่มน้ำภาคใต้ฝั่งตะวันตก,8.83334,98.458527,1,0,0,0
X.190A,canal/other,บ้านเก็ตโฮ่,ชป.,ลุ่มน้ำภาคใต้ฝั่งตะวันตก,7.9034,98.349678,1,0,0,0
X.196,canal/other,บ้านท่านา,ชป.,ลุ่มน้ำภาคใต้ฝั่งตะวันตก,8.70251,98.409027,1,0,0,0
X.200,canal/other,บ้านวังไทร,ชป.,ลุ่มน้ำภาคใต้ฝั่งตะวันออกตอนบน,8.40836,99.797852,1,0,0,0
X.201A,canal/other,บ้านท่าไม้ลาย,ชป.,ลุ่มน้ำภาคใต้ฝั่งตะวันออกตอนบน,10.50334,98.964401,1,0,0,0
X.203,canal/other,บ้านนาป่า,ชป.,ลุ่มน้ำภาคใต้ฝั่งตะวันออกตอนบน,8.39629,99.920143,1,0,0,0
X.207A,canal/other,บ้านน้ำจืด,ชป.,ลุ่มน้ำภาคใต้ฝั่งตะวันตก,10.40327,98.776932,1,0,0,0
X.209,canal/other,คลองหาดส้มแป้น,ชป.,ลุ่มน้ำภาคใต้ฝั่งตะวันตก,9.95839,98.648537,1,0,0,0
X.212,canal/other,ถนนลูกเสือ,ชป.,ลุ่มน้ำภาคใต้ฝั่งตะวันออกตอนบน,9.95473,99.08004,1,0,0,0
X.217,canal/other,บ้านเคียนซา,ชป.,ลุ่มน้ำภาคใต้ฝั่งตะวันออกตอนบน,8.84753,99.19886,1,0,0,0
X.228,canal/other,บ้านกลาง,ชป.,ลุ่มน้ำภาคใต้ฝั่งตะวันตก,7.64556,99.532204,1,0,0,0
X.231A,canal/other,ชุมชนประชาบำรุง,ชป.,ลุ่มน้ำภาคใต้ฝั่งตะวันตก,6.87577,99.782639,1,0,0,0
X.233,canal/other,บ้านไสหาร,ชป.,ลุ่มน้ำภาคใต้ฝั่งตะวันตก,7.90741,99.542389,1,0,0,0
X.234,canal/other,บ้านป่าหมาก,ชป.,ลุ่มน้ำภาคใต้ฝั่งตะวันตก,7.58883,99.576874,1,0,0,0
X.236,canal/other,บ้านย่านตาขาว,ชป.,ลุ่มน้ำภาคใต้ฝั่งตะวันตก,7.37199,99.677269,1,0,0,0
X.239,canal/other,บ้านฉลุงเหนือ,ชป.,ลุ่มน้ำภาคใต้ฝั่งตะวันตก,6.72662,100.062737,1,0,0,0
X.240,canal/other,บ้านหูแร่,ชป.,ลุ่มน้ำทะเลสาบสงขลา,6.98306,100.328331,1,0,0,0
X.243,canal/other,บ้านควนกลาง (1),ชป.,ลุ่มน้ำภาคใต้ฝั่งตะวันออกตอนบน,8.555,99.569283,1,0,0,0
X.245,canal/other,บ้านบางตง,ชป.,ลุ่มน้ำภาคใต้ฝั่งตะวันตก,8.51336,98.503563,1,0,0,0
X.248,canal/other,บ้านหาดใน ,ชป.,ลุ่มน้ำภาคใต้ฝั่งตะวันออกตอนบน,10.6375,99.050163,1,0,0,0
X.260,canal/other,บ้านอาพาธ,ชป.,ลุ่มน้ำภาคใต้ฝั่งตะวันออกตอนบน,8.54373,99.223457,1,0,0,0
X.265,canal/other,หน้าวัดภูผาพิมุข,ชป.,ลุ่มน้ำทะเลสาบสงขลา,7.61689,100.078903,1,0,0,0
X.267,canal/other,บ้านแม่ขรี,ชป.,ลุ่มน้ำทะเลสาบสงขลา,7.33842,100.109978,1,0,0,0
X.273,canal/other,บ้านปายอยือนิ ,ชป.,ลุ่มน้ำภาคใต้ฝั่งตะวันออกตอนล่าง,6.47977,101.44474,1,0,0,0
X.274,canal/other,บ้านบูเก๊ะตา,ชป.,ลุ่มน้ำภาคใต้ฝั่งตะวันออกตอนล่าง,5.83916,101.892143,1,0,0,0
X.275,canal/other,บ้านบริดอ,ชป.,ลุ่มน้ำภาคใต้ฝั่งตะวันออกตอนล่าง,6.82152,101.244888,1,0,0,0
X.276,canal/other,บ้านเขาปู่,ชป.,ลุ่มน้ำทะเลสาบสงขลา,7.70724,99.841743,1,0,0,0
X.279,canal/other,บ้านปันจอร์,ชป.,ลุ่มน้ำภาคใต้ฝั่งตะวันตก,6.77741,100.071487,1,0,0,0
X.283,canal/other,บ้านปรีกี,ชป.,ลุ่มน้ำภาคใต้ฝั่งตะวันออกตอนล่าง,6.715493,101.285399,1,0,0,0
X.289,canal/other,วัดถลุงทอง อำเภอร่อนพิบูลย์ ,ชป.,ลุ่มน้ำภาคใต้ฝั่งตะวันออกตอนบน,8.3062,99.859917,1,0,0,0
X.37A,canal/other,บ้านย่านดินแดง,ชป.,ลุ่มน้ำภาคใต้ฝั่งตะวันออกตอนบน,8.57098,99.253868,1,0,0,0
X.40A,canal/other,บ้านท่าสาบ,ชป.,ลุ่มน้ำภาคใต้ฝั่งตะวันออกตอนล่าง,6.552798,101.266294,1,0,0,0
X.44,canal/other,บ้านหาดใหญ่ใน,ชป.,ลุ่มน้ำทะเลสาบสงขลา,7.00218,100.456062,1,0,0,0
X.47,canal/other,บ้านท่าจีน,ชป.,ลุ่มน้ำภาคใต้ฝั่งตะวันตก,7.55583,99.578438,1,0,0,0
X.53A,canal/other,บ้านวังไผ่,ชป.,ลุ่มน้ำภาคใต้ฝั่งตะวันออกตอนบน,10.5072,99.117798,1,0,0,0
X.56,canal/other,บ้านท่าประดู่,ชป.,ลุ่มน้ำภาคใต้ฝั่งตะวันตก,7.77079,99.53743,1,0,0,0
X.5C,canal/other,บ้านท่าข้าม,ชป.,ลุ่มน้ำภาคใต้ฝั่งตะวันออกตอนบน,9.11322,99.223679,1,0,0,0
X.64,canal/other,บ้านท่าแซะ,ชป.,ลุ่มน้ำภาคใต้ฝั่งตะวันออกตอนบน,10.66562,99.171227,1,0,0,0
X.67A,canal/other,บ้านนาสีทอง,ชป.,ลุ่มน้ำทะเลสาบสงขลา,7.10502,100.193932,1,0,0,0
X.68,canal/other,บ้านท่าแค,ชป.,ลุ่มน้ำทะเลสาบสงขลา,7.56871,100.0485,1,0,0,0
X.73,canal/other,บ้านตันหยงมัส,ชป.,ลุ่มน้ำภาคใต้ฝั่งตะวันออกตอนล่าง,6.33992,101.726959,1,0,0,0
X.73A,canal/other,บ้านบองอ ,ชป.,ลุ่มน้ำภาคใต้ฝั่งตะวันออกตอนล่าง,6.16992,101.713257,1,0,0,0
X.77,canal/other,บ้านหัวสะพาน,ชป.,ลุ่มน้ำภาคใต้ฝั่งตะวันออกตอนล่าง,6.1525,101.080902,1,0,0,0
X.90,canal/other,บ้านบางศาลา,ชป.,ลุ่มน้ำทะเลสาบสงขลา,6.93124,100.439857,1,0,0,0
Y14,canal/other,,,,,,0,0,1,0
Y6,canal/other,,,,,,0,0,1,0
YCUM,canal/other,วัดยางชุม,สสน.,ลุ่มน้ำเพชรบุรี-ประจวบคีรีขันธ์,12.09903,99.7065,0,1,0,0
YKPC,canal/other,อบต.เกาะหลัก,สสน.,ลุ่มน้ำเพชรบุรี-ประจวบคีรีขันธ์,11.80297,99.75459,0,1,0,0
Z.10,canal/other,บ้านศรีบัวทอง,ชป.,ลุ่มน้ำชายฝั่งทะเลตะวันออก,12.4765,102.477867,1,0,0,0
Z.11,canal/other,บ้านเขาวังไทร,ชป.,ลุ่มน้ำชายฝั่งทะเลตะวันออก,12.85783,101.615738,1,0,0,0
Z.13,canal/other,บ้านปึก,ชป.,ลุ่มน้ำชายฝั่งทะเลตะวันออก,12.76323,102.138039,1,0,0,0
Z.14,canal/other,บ้านฉมัน,ชป.,ลุ่มน้ำชายฝั่งทะเลตะวันออก,12.74451,102.206421,1,0,0,0
Z.18,canal/other,บ้านซำฆ้อ,ชป.,ลุ่มน้ำชายฝั่งทะเลตะวันออก,12.95677,101.672096,1,0,0,0
Z.21,canal/other,บ้านโป่งโรงเซ็น,ชป.,ลุ่มน้ำชายฝั่งทะเลตะวันออก,12.79196,102.254669,1,0,0,0
Z.28,canal/other,บ้านขุนซ่อง,ชป.,ลุ่มน้ำชายฝั่งทะเลตะวันออก,13.07735,101.945534,1,0,0,0
Z.38,canal/other,บ้านเขาโบสถ์,ชป.,ลุ่มน้ำชายฝั่งทะเลตะวันออก,12.73796,101.228401,1,0,0,0
Z.57,canal/other,สะพานวัดจันทนาราม,ชป.,ลุ่มน้ำชายฝั่งทะเลตะวันออก,12.61359,102.114113,1,0,0,0
Z.58,canal/other,บ้านเขาสมิง,ชป.,ลุ่มน้ำชายฝั่งทะเลตะวันออก,12.35731,102.437897,1,0,0,0
Z.64,canal/other,ตำบลท่าหลวง,ชป.,ลุ่มน้ำชายฝั่งทะเลตะวันออก,12.657133,102.15435,1,0,0,0
temp001,canal/other,,,,,,0,0,0,1
temp002,canal/other,,,,,,0,0,0,1
temp003,canal/other,,,,,,0,0,0,1
temp004,canal/other,,,,,,0,0,0,1
temp006,canal/other,,,,,,0,0,0,1
DAM-1,dam,,,,,,0,0,1,0
DAM-19,dam,,,,,,0,0,1,0
DAM-2,dam,,,,,,0,0,1,0
DAM-24,dam,,,,,,0,0,1,0
DAM-25,dam,,,,,,0,0,1,0
DAM-3,dam,,,,,,0,0,1,0
DAM-38,dam,,,,,,0,0,1,0
DAM-4,dam,,,,,,0,0,1,0
DAM-40,dam,,,,,,0,0,1,0
DAM-41,dam,,,,,,0,0,1,0
DAM-5,dam,,,,,,0,0,1,0
m-dam-1,dam,,,,,,0,0,0,1
m-dam-11,dam,,,,,,0,0,0,1
m-dam-12,dam,,,,,,0,0,0,1
m-dam-18,dam,,,,,,0,0,0,1
m-dam-32,dam,,,,,,0,0,0,1
m-dam-34,dam,,,,,,0,0,0,1
m-dam-35,dam,,,,,,0,0,0,1
m-dam-36,dam,,,,,,0,0,0,1
REG-1050,regulator,,,,,,0,0,1,0
REG-1176,regulator,,,,,,0,0,1,0
REG-1720,regulator,,,,,,0,0,1,0
REG-1730,regulator,,,,,,0,0,1,0
REG-1736,regulator,,,,,,0,0,1,0
REG-1749,regulator,,,,,,0,0,1,0
REG-1755,regulator,,,,,,0,0,1,0
REG-1757,regulator,,,,,,0,0,1,0
REG-1769,regulator,,,,,,0,0,1,0
REG-1774,regulator,,,,,,0,0,1,0
REG-1776,regulator,,,,,,0,0,1,0
REG-1777,regulator,,,,,,0,0,1,0
REG-1778,regulator,,,,,,0,0,1,0
REG-1779,regulator,,,,,,0,0,1,0
REG-1780,regulator,,,,,,0,0,1,0
REG-1782,regulator,,,,,,0,0,1,0
REG-1783,regulator,,,,,,0,0,1,0
REG-1784,regulator,,,,,,0,0,1,0
REG-1785,regulator,,,,,,0,0,1,0
REG-1786,regulator,,,,,,0,0,1,0
REG-1787,regulator,,,,,,0,0,1,0
REG-1788,regulator,,,,,,0,0,1,0
REG-1791,regulator,,,,,,0,0,1,0
REG-1792,regulator,,,,,,0,0,1,0
REG-1793,regulator,,,,,,0,0,1,0
REG-274,regulator,,,,,,0,0,1,0
REG-275,regulator,,,,,,0,0,1,0
REG-276,regulator,,,,,,0,0,1,0
REG-278,regulator,,,,,,0,0,1,0
REG-289,regulator,,,,,,0,0,1,0
REG-301,regulator,,,,,,0,0,1,0
REG-302,regulator,,,,,,0,0,1,0
REG-313,regulator,,,,,,0,0,1,0
REG-321,regulator,,,,,,0,0,1,0
REG-324,regulator,,,,,,0,0,1,0
REG-336,regulator,,,,,,0,0,1,0
REG-340,regulator,,,,,,0,0,1,0
REG-341,regulator,,,,,,0,0,1,0
REG-342,regulator,,,,,,0,0,1,0
REG-346,regulator,,,,,,0,0,1,0
REG-350,regulator,,,,,,0,0,1,0
REG-355,regulator,,,,,,0,0,1,0
REG-361,regulator,,,,,,0,0,1,0
REG-362,regulator,,,,,,0,0,1,0
REG-389,regulator,,,,,,0,0,1,0
REG-391,regulator,,,,,,0,0,1,0
REG-393,regulator,,,,,,0,0,1,0
REG-395,regulator,,,,,,0,0,1,0
REG-396,regulator,,,,,,0,0,1,0
REG-397,regulator,,,,,,0,0,1,0
REG-529,regulator,,,,,,0,0,1,0
REG-582,regulator,,,,,,0,0,1,0
REG-593,regulator,,,,,,0,0,1,0
REG-626,regulator,,,,,,0,0,1,0
REG-637,regulator,,,,,,0,0,1,0
REG-696,regulator,,,,,,0,0,1,0
REG-698,regulator,,,,,,0,0,1,0
REG-702,regulator,,,,,,0,0,1,0
REG-796,regulator,,,,,,0,0,1,0
REG-802,regulator,,,,,,0,0,1,0
REG-816,regulator,,,,,,0,0,1,0
REG-831,regulator,,,,,,0,0,1,0
REG-844,regulator,,,,,,0,0,1,0
REG-852,regulator,,,,,,0,0,1,0
